in_injection_timing,in_injection_pressure,in_air_fuel_ratio,in_compression_ratio,in_egr_rate,in_engine_speed,in_fuel_blend,out_brake_power,out_brake_thermal_efficiency,out_bsfc,out_nox,out_co,out_hc,out_smoke_opacity,out_co2
0.22424242424242413,0.2516537244751222,0.3369747899159663,0.32589285714285765,0.8489809555629803,0.5894648829431437,0.282,0.16489607390300232,0.20497362471740743,0.5340020844189683,0.17358828801912163,0.5573248407643313,0.8455137481910275,0.5362232779097388,0.3085714285714287
0.8686868686868692,0.6436583261432267,0.8806722689075628,0.203125,0.7150016705646508,0.7236622073578596,0.157,0.3635103926096997,0.621703089675961,0.23970818134445038,0.6420675231550642,0.5461783439490446,0.5698263386396527,0.0,0.6971428571428566
0.03434343434343434,0.1264020707506472,0.007563025210084007,0.6383928571428577,0.8733711994654193,0.6617892976588629,0.617,0.0762124711316397,0.2207987942727958,0.6160760812923396,0.13564386017328967,0.3646496815286625,1.0,0.7909738717339668,0.2828571428571429
0.5212121212121212,0.9516824849007763,0.6957983193277311,0.06919642857142883,0.18643501503508186,0.4013377926421404,0.226,0.3311778290993071,0.6714393368500375,0.16870766023970818,0.9423364206752317,0.2165605095541401,0.18885672937771347,0.0,0.8514285714285714
0.06666666666666665,0.33750359505320676,0.3974789915966386,0.895089285714286,0.9956565319077849,0.22742474916387956,0.9770000000000001,0.0628175519630485,0.1672946495855312,0.8103830119854092,0.13698834777412616,0.0,0.7221418234442838,0.6300475059382423,0.2628571428571429
0.8787878787878787,0.07103825136612024,0.4957983193277311,0.3035714285714288,0.7948546608753758,0.2583612040133779,0.226,0.0,0.2916352675207232,0.47407503908285564,0.2836868837765164,0.6321656050955414,0.7973950795947902,0.4364608076009502,0.4399999999999995
0.11212121212121207,0.33189531205061834,0.22857142857142843,0.3035714285714288,0.05011693952555964,0.3674749163879598,0.8320000000000001,0.14688221709006927,0.5546345139412208,0.43883533090151117,0.702868240215118,0.0,0.37409551374819106,0.0,0.46857142857142886
0.7464646464646465,0.7687661777394303,0.9218487394957984,0.895089285714286,0.9525559639158037,0.6358695652173914,0.765,0.45958429561200925,0.34513941220798783,0.5988796248045858,0.5377950403346282,0.0,0.5036179450072359,0.24109263657957247,0.4314285714285715
0.33737373737373755,0.35878631003738864,0.7252100840336135,0.109375,0.43802205145339124,0.9017558528428093,0.493,0.3113163972286374,0.3707611152976642,0.5177826993225638,0.469076785180759,0.02547770700636942,0.47901591895803186,0.0,0.6485714285714286
0.7414141414141417,0.5586712683347714,0.043697478991596705,0.7879464285714288,0.29602405613097227,0.06730769230769229,0.355,0.028637413394919153,0.6872645064054259,0.07412714955706079,0.8473259635494473,0.26433121019108285,0.5108538350217077,0.0,0.6485714285714286
0.6282828282828283,0.7868852459016391,0.34369747899159653,0.25223214285714324,0.3324423655195456,0.15217391304347827,0.6920000000000001,0.15842956120092377,0.5975885455915599,0.31181605002605517,0.8754108156558112,0.0,0.34406657018813314,0.0,0.637142857142857
0.8121212121212122,0.8786310037388554,0.6957983193277311,0.39508928571428603,0.8503174072836619,0.3846153846153846,0.40700000000000003,0.3297921478060047,0.36850037678975145,0.45134184471078687,0.6498356737376757,0.3773885350318471,0.4649059334298119,0.0,0.7000000000000002
0.9898989898989903,0.2824273799252229,0.2890756302521007,0.7276785714285716,0.5442699632475777,0.6760033444816054,0.449,0.29468822170900694,0.4318010550113036,0.5061229807191245,0.6744846130863461,0.3439490445859873,0.6143270622286543,0.1270783847980998,0.7285714285714286
0.5010101010101013,0.45081967213114754,0.515126050420168,0.5647321428571428,0.7056465085198798,0.6078595317725752,0.8079999999999999,0.30854503464203237,0.21477015825169543,0.6762636789994789,0.5449656408724232,0.0,0.48697539797395084,0.25712589073634207,0.362857142857143
0.8272727272727274,0.7325280414150128,0.3529411764705883,0.04017857142857162,0.9622452388907451,0.3256688963210702,0.154,0.3371824480369516,0.44913338357196686,0.26687076602397086,0.4533910965043323,0.8152866242038218,0.7416787264833575,0.6027315914489312,0.491428571428572
0.7020202020202022,0.022720736266896746,0.799159663865546,0.9866071428571428,0.1119278316070832,0.33277591973244147,0.557,0.12332563510392608,0.6872645064054259,0.3900468994267847,0.7923513594263519,0.0,0.3686685962373373,0.0,0.6742857142857144
0.036363636363636376,0.037819959735404085,0.8705882352941177,0.48660714285714324,0.8947544269963248,0.6095317725752507,0.594,0.060046189376443404,0.16503391107761844,0.729872329338197,0.014341201075590115,0.19585987261146495,0.6718523878437048,0.4798099762470309,0.4314285714285715
0.5010101010101013,0.5999424791486914,0.9546218487394957,0.3348214285714288,0.3889074507183428,0.21362876254180596,0.024,0.20415704387990763,0.6382818387339864,0.1574387701928086,0.6032267702420077,0.5350318471337581,0.3223589001447178,0.0,0.6457142857142859
0.7262626262626266,0.15027322404371585,0.6504201680672268,0.34375000000000044,0.3047109923154026,0.060618729096989954,0.5770000000000001,0.0,0.46420497362471735,0.4231370505471601,0.6402748730206157,0.0,0.41606367583212733,0.0,0.5171428571428569
0.27474747474747474,0.62381363244176,0.03529411764705892,0.4330357142857144,0.06615436017373873,0.45359531772575246,0.885,0.3441108545034642,0.6103993971363981,0.4004038561750911,0.8783985658798926,0.0,0.433068017366136,0.0,0.8028571428571434
0.22323232323232345,0.5736266896750071,0.9789915966386553,0.7946428571428577,0.8062145005011694,0.7332775919732442,0.373,0.39999999999999997,0.537302185380558,0.22068785825950998,0.4305348072901106,0.29777070063694266,0.5159189580318381,0.0,0.8142857142857141
0.3474747474747477,0.3166522864538395,0.09243697478991586,0.296875,0.4296692281991313,0.8653846153846154,0.738,0.29284064665127024,0.4853051996985682,0.5149817613340282,0.5557215416791156,0.0,0.5311143270622287,0.18349168646080766,0.47714285714285687
0.3717171717171719,0.7378487201610582,0.8537815126050419,0.6316964285714288,0.5813564984964917,0.705267558528428,0.10300000000000001,0.5293302540415705,0.6360211002260736,0.04520583637311093,0.6443083358231253,0.6289808917197452,0.41931982633863973,0.0,0.491428571428572
0.6595959595959597,0.9098360655737703,0.32268907563025206,0.078125,0.626127631139325,0.5351170568561872,0.10400000000000001,0.3921478060046189,0.5764883195177091,0.139069828035435,0.683597251269794,0.7691082802547772,0.5596960926193922,0.0,0.7314285714285713
0.38989898989898997,0.34469370146678163,0.9546218487394957,0.9843750000000004,0.6886067490811895,0.3532608695652174,0.48200000000000004,0.24387990762124706,0.6307460437076111,0.37193850964043773,0.4959665371974903,0.2038216560509554,0.3209117221418234,0.07779097387173395,0.7057142857142855
0.030303030303030276,0.8567730802415874,0.37142857142857144,0.9665178571428572,0.5963915803541597,0.8783444816053512,0.531,0.7741339491916859,0.6706857573474001,0.16297550807712358,0.6490887361816552,0.1751592356687898,0.3863965267727931,0.0,0.6885714285714286
0.96969696969697,0.9988495829738278,0.8403361344537812,0.7098214285714293,0.5015035081857668,0.41137123745819393,0.562,0.4494226327944573,0.7377543330821403,0.22948150078165708,0.9790857484314311,0.06687898089171973,0.3324891461649784,0.0,0.8885714285714288
0.0242424242424244,0.722461892436008,0.23445378151260488,0.7767857142857144,0.5322418977614434,0.06521739130434778,0.752,0.1815242494226328,0.5938206480783728,0.3639265242313705,0.5613982671048702,0.0,0.4949348769898698,0.0,0.6971428571428566
0.8545454545454547,0.5947656025309174,0.6840336134453779,0.0803571428571428,0.4587370531239559,0.6312709030100334,0.068,0.37367205542725174,0.42727957799547855,0.32002344971339225,0.6555123991634301,0.4665605095541402,0.5289435600578871,0.0,0.6285714285714281
0.3676767676767678,0.6253954558527466,0.6235294117647059,0.9977678571428581,0.9532241897761444,0.9970735785953178,0.619,0.8244803695150116,0.4845516201959308,0.47563835330901516,0.4711682103376159,0.15605095541401273,0.6117945007235892,0.38776722090261284,0.8742857142857146
0.8535353535353536,0.8379350014380211,0.21176470588235285,0.9151785714285716,0.6989642499164719,0.13545150501672232,0.0,0.20092378752886836,0.7045968349660892,0.06539864512767046,0.7230355542276669,0.9235668789808918,0.7543415340086832,0.07660332541567699,0.7171428571428571
0.5505050505050504,0.6974403221167673,0.007563025210084007,0.6138392857142865,0.7160040093551621,0.580685618729097,0.7120000000000001,0.446189376443418,0.5327807083647325,0.40685252735799904,0.6181655213624143,0.09713375796178345,0.79232995658466,0.31057007125890745,0.7971428571428572
0.5181818181818183,0.7085130859936726,0.5344537815126051,0.6361607142857144,0.8296024056130972,0.8043478260869565,0.11800000000000001,0.5565819861431871,0.552373775433308,0.25651380927566425,0.4941738870630418,0.7420382165605096,0.6295224312590448,0.4311163895486936,0.5200000000000005
0.6323232323232324,0.34656312913431125,0.4512605042016806,0.4486607142857144,0.6281323087203475,0.19774247491638797,0.99,0.07528868360277136,0.39035418236623975,0.6962610734757686,0.5174783388108753,0.0,0.5557163531114329,0.08907363420427555,0.39142857142857146
0.9010101010101008,0.6061259706643658,0.73781512605042,0.2477678571428572,0.3184096224523889,0.8595317725752507,0.9840000000000001,0.4803695150115474,0.3134890730972115,0.7037519541427828,0.8202868240215121,0.0,0.211287988422576,0.0,0.6600000000000001
0.2474747474747474,0.2988208225481737,0.46134453781512597,0.33258928571428603,0.7677915135315737,0.9218227424749164,0.8170000000000001,0.4027713625866051,0.25169555388093423,0.8056279312141741,0.21048700328652525,0.0,0.5285817655571636,0.24406175771971494,0.44285714285714306
0.47171717171717176,0.11389128559102674,0.17815126050420171,0.1852678571428572,0.9649181423321083,0.5969899665551839,0.171,0.08129330254041567,0.23360964581763355,0.5785565398645127,0.17269196295189726,0.874203821656051,0.9117221418234442,0.9762470308788601,0.4314285714285715
0.867676767676768,0.362093758987633,0.4445378151260504,0.1830357142857144,0.21850985633144004,0.010033444816053505,0.28600000000000003,0.0,0.5388093443858328,0.3936946326211568,0.752166118912459,0.2579617834394905,0.4222141823444283,0.0,0.4742857142857142
0.37777777777777777,0.9574345700316365,0.11764705882352944,0.7142857142857149,0.71433344470431,0.4686454849498327,0.525,0.49376443418013855,0.675960813865863,0.34835852006253254,0.6988347774126084,0.3487261146496816,0.5756150506512303,0.1840855106888361,0.9657142857142862
0.28686868686868694,0.7486338797814207,0.2705882352941176,0.3816964285714288,0.3889074507183428,0.7842809364548495,0.17500000000000002,0.5685912240184756,0.7136397889977393,0.09334288692027104,0.7245294293397074,0.44108280254777077,0.4989146164978292,0.0,0.7057142857142855
0.5101010101010102,0.1236698303134886,0.8563025210084032,0.2723214285714288,0.3220848646842633,0.15802675585284276,0.344,0.03464203233256352,0.47776940467219253,0.39317352787910376,0.47281147296086046,0.033439490445859865,0.37735166425470335,0.0,0.5771428571428574
0.5565656565656567,0.5278976128846706,0.3008403361344538,0.910714285714286,0.24089542265285666,0.6747491638795986,0.6890000000000001,0.428175519630485,0.8018085908063304,0.2732542991141218,0.8964744547355842,0.0,0.40738060781476126,0.0,0.805714285714286
0.08181818181818201,0.2809893586425079,0.19747899159663862,0.7566964285714284,0.4450384229869696,0.6036789297658862,0.34,0.20692840646651273,0.5410700828937451,0.33585200625325684,0.4967134747535108,0.42356687898089174,0.6273516642547032,0.002375296912114022,0.5171428571428569
0.5292929292929294,0.02214552775381079,0.47815126050420154,0.5334821428571428,0.9782826595389242,0.9983277591973243,0.379,0.17090069284064663,0.26827430293896004,0.5903465346534653,0.15222587391694065,0.5111464968152867,0.8075253256150507,0.8580760095011878,0.4657142857142862
0.856565656565657,0.013948806442335315,0.17731092436974794,0.078125,0.9936518543267624,0.9092809364548495,0.41700000000000004,0.08406466512702077,0.15975885455915595,0.5614252214695155,0.10143412010755914,0.6910828025477708,0.9551374819102749,1.0,0.5857142857142863
0.7777777777777779,0.8758987633016966,0.031092436974789806,0.0915178571428572,0.6582024724356833,0.4540133779264214,0.934,0.361662817551963,0.33082140165787477,0.5330250130276184,0.672094412907081,0.0,0.4978292329956586,0.2553444180522566,0.47142857142857153
0.6595959595959597,0.8958872591314351,0.349579831932773,0.9687500000000004,0.7821583695289008,0.7671404682274248,0.783,0.7445727482678983,0.6887716654107008,0.27924700364773325,0.714072303555423,0.0,0.5394356005788713,0.1496437054631829,0.8600000000000003
0.4363636363636365,0.5895887259131436,0.8151260504201681,0.13839285714285765,0.7748078850651521,0.7232441471571907,0.039,0.4637413394919168,0.3692539562923889,0.32705836373110997,0.38766059157454447,0.7770700636942677,0.530752532561505,0.0997624703087886,0.6028571428571423
0.17979797979798007,0.49712395743457,0.6168067226890754,0.6473214285714288,0.34313397928499834,0.26295986622073575,1.0,0.08129330254041567,0.5350414468726452,0.5358910891089108,0.6446071108455335,0.0,0.30390738060781475,0.0,0.7742857142857149
0.39595959595959584,0.20319240724762727,0.9663865546218484,0.47098214285714324,0.6237888406281323,0.47324414715719054,0.1,0.10023094688221706,0.45214770158251705,0.37148254299114125,0.327756199581715,0.7611464968152867,0.5260492040520983,0.0,0.22571428571428553
0.785858585858586,0.366695427092321,0.6386554621848739,0.5312500000000004,0.9021049114600735,0.3729096989966555,0.263,0.2378752886836028,0.3474001507159006,0.49101094319958305,0.3524051389303854,0.6353503184713376,0.6714905933429813,0.3456057007125891,0.4542857142857146
0.37070707070707054,0.316220880069025,0.5201680672268907,0.582589285714286,0.9204811226194454,0.2102842809364548,0.46799999999999997,0.06050808314087758,0.3534287867370005,0.5057972902553411,0.25112040633403054,0.393312101910828,0.7105643994211288,0.5926365795724466,0.5114285714285716
0.6575757575757575,0.8035662927811331,0.3134453781512603,0.9665178571428572,0.7908453057133312,0.5146321070234112,0.35100000000000003,0.6263279445727483,0.6601356443104747,0.2238796248045858,0.6369883477741262,0.6114649681528663,0.5976845151953691,0.2114014251781473,0.7199999999999998
0.6272727272727276,0.8803566292781131,0.8243697478991596,0.04464285714285765,0.07116605412629469,0.9222408026755853,0.747,0.6346420323325634,0.537302185380558,0.541883793642522,0.9792351359426353,0.0,0.1429088277858177,0.0,0.5828571428571427
0.9565656565656566,0.8255680184066723,0.8294117647058823,0.7522321428571428,0.2659538924156365,0.20903010033444813,0.34299999999999997,0.24896073903002314,0.8718914845516204,0.03322042730588848,1.0,0.020700636942675155,0.23046309696092615,0.0,0.8428571428571425
0.027272727272727337,0.20822548173712968,0.7722689075630251,0.43973214285714324,0.7637821583695289,0.11162207357859533,0.46799999999999997,0.0,0.3142426525998494,0.5102266805627931,0.19181356438601738,0.28503184713375795,0.6870477568740956,0.3028503562945368,0.6485714285714286
0.288888888888889,0.17716422203048604,0.9974789915966387,0.8303571428571432,0.5001670564650852,0.3118729096989966,0.886,0.10069284064665124,0.45214770158251705,0.6569828035435124,0.530773827308037,0.0,0.4236613603473227,0.1169833729216152,0.6885714285714286
0.9929292929292928,0.4516824849007764,0.6512605042016806,0.5133928571428572,0.8820581356498496,0.5075250836120402,0.612,0.2535796766743649,0.37377543330821394,0.5611646690984886,0.5149387511204063,0.12898089171974522,0.6439942112879884,0.4192399049881236,0.6228571428571428
0.9070707070707071,0.24676445211389125,0.2302521008403362,0.2901785714285716,0.478115603073839,0.2403846153846153,0.68,0.0,0.41446872645064037,0.5810317873892652,0.6236928592769645,0.0,0.6023878437047758,0.10273159144893118,0.4485714285714284
0.6494949494949498,0.6586137474834628,0.7638655462184871,0.45089285714285765,0.05813564984964918,0.4845317725752508,0.8790000000000001,0.3579676674364896,0.626224566691786,0.3872459614382491,0.9890947116821035,0.0,0.022793053545586084,0.0,0.6457142857142859
0.34444444444444455,0.2842968075927524,0.3924369747899159,0.7299107142857149,0.4974941530237221,0.8628762541806019,0.09699999999999999,0.26420323325635103,0.6299924642049737,0.18883533090151117,0.5191216014341203,0.6656050955414013,0.6089001447178004,0.04809976247030878,0.7685714285714287
0.696969696969697,0.7713546160483173,0.3890756302521008,0.21205357142857162,0.8456398262612763,0.43185618729096986,0.8059999999999999,0.29237875288683607,0.23963828183873392,0.6130145909327775,0.4511502838362714,0.0,0.493849493487699,0.2630641330166271,0.4114285714285715
0.9525252525252526,0.989646246764452,0.6512605042016806,0.8058035714285721,0.6421650517875042,0.12834448160535117,0.392,0.3099307159353349,0.785983421250942,0.09633923918707654,0.8665969524947715,0.22770700636942678,0.4685238784370478,0.0,0.8942857142857141
0.9888888888888892,0.13560540696002304,0.48571428571428554,1.0000000000000004,0.07250250584697628,0.44188963210702337,0.272,0.06374133949191685,0.65561416729465,0.2643955184992184,0.8779504033462803,0.011146496815286622,0.4185962373371924,0.0,0.7571428571428571
0.8191919191919192,0.13603681334483747,0.17899159663865527,0.5892857142857144,0.2111593718676913,0.6730769230769231,0.062000000000000006,0.135796766743649,0.6284853051996984,0.30426003126628465,0.7325963549447269,0.5207006369426752,0.5213458755426919,0.0,0.4571428571428573
0.26666666666666683,0.3776243888409548,0.7663865546218487,0.9866071428571428,0.2940193785499499,0.46362876254180596,0.325,0.236027713625866,0.7829691032403923,0.21430432516935904,0.7009262025694653,0.07802547770700638,0.3480463096960926,0.0,0.8685714285714283
0.1444444444444446,0.12582686223756107,0.23613445378151243,0.41071428571428603,0.3037086535248914,0.20944816053511706,0.715,0.0,0.3526752072343631,0.6517717561229808,0.47908574843143115,0.0,0.526410998552822,0.0,0.6399999999999997
0.9494949494949496,0.6153293068737418,0.7563025210084031,0.5223214285714293,0.35783494821249584,0.6496655518394647,0.42700000000000005,0.40230946882217095,0.6578749058025619,0.29273058884835845,0.9027487302061549,0.0,0.3238060781476122,0.0,0.7142857142857144
0.6444444444444446,0.7979580097785446,0.24453781512605044,0.296875,0.2265285666555296,0.06856187290969895,0.659,0.0646651270207852,0.6744536548605882,0.21690984887962483,0.8803406035255453,0.0,0.37807525325615055,0.0,0.7428571428571429
0.16565656565656584,0.896462467644521,0.22689075630252087,0.6026785714285721,0.828600066822586,0.41764214046822734,0.152,0.5159353348729794,0.6850037678975132,0.15072954663887428,0.5004481625336125,0.8328025477707006,0.7145441389290883,0.38657957244655583,0.7571428571428571
0.8090909090909089,0.4099798677020419,0.8193277310924367,0.3683035714285716,0.5115268960908788,0.08946488294314381,0.623,0.09745958429561202,0.39864355689525244,0.4761594580510682,0.6419181356438602,0.0,0.4576700434153401,0.0,0.637142857142857
0.36262626262626263,0.4831751509922347,0.946218487394958,0.7767857142857144,0.4597393919144671,0.3315217391304347,0.8740000000000001,0.19076212471131643,0.428033157498116,0.5400599270453363,0.6683597251269794,0.0,0.24059334298118673,0.0,0.3599999999999999
0.22121212121212142,0.3953120506183491,0.4915966386554622,0.5178571428571428,0.47744737721349817,0.1588628762541806,0.733,0.09376443418013858,0.4415975885455916,0.47218603439291296,0.5684194801314612,0.0,0.3599855282199711,0.0,0.6742857142857144
0.022222222222222143,0.8820822548173712,0.48655462184873954,0.06473214285714324,0.8636819244904779,0.48745819397993306,0.851,0.3759815242494226,0.38733986435568957,0.4916623241271494,0.3409023005676727,0.0,0.5303907380607816,0.19714964370546323,0.6514285714285712
0.13535353535353534,0.24302559677883234,0.39075630252100835,0.04017857142857162,0.39592382225192113,0.01295986622073575,0.8390000000000001,0.0484988452655889,0.34589299171062526,0.6541818655549767,0.4020017926501346,0.0,0.5593342981186687,0.0,0.6828571428571433
0.19090909090909114,0.3609433419614611,0.4907563025210082,0.4598214285714288,0.627798195790177,0.07525083612040129,0.511,0.0,0.34363225320271296,0.5115945805106827,0.3240215118016133,0.13375796178343952,0.5416063675832127,0.1621140142517815,0.5371428571428574
0.7151515151515151,0.48605119355766474,0.9369747899159664,0.504464285714286,0.7851653859004344,0.06479933110367886,0.4,0.05681293302540419,0.3624717407686511,0.46443460135487236,0.4541380340603526,0.33439490445859876,0.47865412445730837,0.22387173396674587,0.43428571428571416
0.08787878787878789,0.33103249928098927,0.036974789915966255,0.9397321428571428,0.4346809221516873,0.08193979933110362,0.8059999999999999,0.06882217090069281,0.5252449133383572,0.4624804585721729,0.5191216014341203,0.0,0.589001447178003,0.07482185273159148,0.9771428571428569
0.5232323232323235,0.274086856485476,0.6815126050420168,0.7700892857142865,0.039091212829936516,0.40384615384615385,0.845,0.04341801385681293,0.681989449886963,0.4869072433559145,0.8916940543770543,0.0,0.1092619392185239,0.0,0.8457142857142861
0.07878787878787885,0.0815358067299396,0.8655462184873948,0.39508928571428603,0.7748078850651521,0.8043478260869565,0.845,0.1330254041570439,0.06782215523737722,0.8459484106305368,0.1716462503734688,0.0,0.6306078147612157,0.2927553444180523,0.3114285714285714
0.5555555555555556,0.18737417313776245,0.9336134453781513,0.6696428571428577,0.417641162712997,0.14130434782608692,0.077,0.03787528868360279,0.5388093443858328,0.34979155810317875,0.643860173289513,0.44108280254777077,0.522069464544139,0.0,0.7714285714285714
0.9787878787878792,0.8940178314639056,0.3974789915966386,0.31696428571428603,0.8088874039425327,0.3494983277591973,0.484,0.37921478060046193,0.3745290128108514,0.3873762376237624,0.6219002091425158,0.3901273885350318,0.5539073806078149,0.032066508313539244,0.5571428571428569
0.6212121212121213,0.25697440322116766,0.9579831932773109,0.4285714285714288,0.7360507851653859,0.9908026755852841,0.532,0.2882217090069284,0.29314242652599853,0.6140568004168836,0.3571855392889155,0.16878980891719744,0.5937047756874096,0.18883610451306415,0.46285714285714263
0.08686868686868698,0.14969801553062984,0.23277310924369732,0.7656250000000004,0.8245907116605413,0.30685618729096986,0.215,0.006466512702078486,0.4227581009796535,0.45635747785304837,0.18225276366895726,0.6671974522292994,0.9023154848046309,0.7084323040380048,0.45142857142857107
0.15050505050505047,0.7640207075064709,0.24033613445378155,0.08258928571428603,0.8489809555629803,0.8051839464882942,0.6709999999999999,0.47898383371824477,0.2863602110022607,0.5717170401250651,0.3409023005676727,0.19108280254777074,0.6244573082489147,0.39845605700712594,0.5628571428571432
0.26868686868686886,0.40652861662352596,1.0,0.0,0.9873037086535249,0.7596153846153846,0.946,0.20692840646651273,0.09344385832705315,0.7482412714955706,0.09366596952494777,0.0,0.4659913169319827,0.637767220902613,0.35428571428571454
0.8111111111111116,0.26790336496980155,0.7394957983193275,0.520089285714286,0.39592382225192113,0.007943143812708997,0.182,0.0,0.5712132629992466,0.2894736842105263,0.6635793247684493,0.3200636942675159,0.45694645441389303,0.0,0.677142857142857
0.771717171717172,0.11101524302559679,0.8025210084033612,0.5558035714285716,0.5125292348813899,0.18687290969899661,0.34500000000000003,0.0,0.40391861341371493,0.5194111516414801,0.4740065730504929,0.39490445859872614,0.4670767004341534,0.11342042755344423,0.508571428571428
0.33737373737373755,0.6939890710382512,0.1596638655462186,0.1852678571428572,0.12328767123287672,0.10869565217391297,0.4,0.12609699769053118,0.7106254709871891,0.2061620635747785,0.8875112040633405,0.03821656050955413,0.3657742402315485,0.0,0.862857142857143
0.7585858585858587,0.8359217716422203,0.6100840336134452,0.011160714285714413,0.474774473772135,0.7424749163879598,0.18100000000000002,0.4207852193995381,0.47098718914845517,0.2895388223032829,0.7400657305049297,0.4060509554140127,0.5057887120115775,0.0,0.7628571428571425
0.4171717171717171,0.633016968651136,0.8050420168067227,0.8839285714285716,0.24724356832609423,0.1387959866220736,0.688,0.1094688221709007,0.6631499623210249,0.3725247524752475,0.825216611891246,0.0,0.15629522431259046,0.0,0.8371428571428572
0.07171717171717162,0.2651711245326431,0.7193277310924369,0.2008928571428572,0.5192114934847979,0.656772575250836,0.272,0.10484988452655886,0.4318010550113036,0.428999478895258,0.3636092022706904,0.339171974522293,0.3856729377713459,0.0,0.7085714285714291
0.15050505050505047,0.45916019557089444,0.7714285714285711,0.7767857142857144,0.6070831941196125,0.8336120401337792,0.18300000000000002,0.5676674364896073,0.6036171816126599,0.2059015112037521,0.5134448760083657,0.37898089171974525,0.4949348769898698,0.0,0.765714285714286
0.6626262626262627,0.8918607995398331,0.6260504201680672,0.23883928571428603,0.30304042766455064,0.7048494983277591,0.154,0.489607390300231,0.7189148455162022,0.13828817092235535,0.8428443382133256,0.39649681528662417,0.23769898697539793,0.0,0.7400000000000002
0.7515151515151517,0.9519700891573195,0.08151260504201674,0.5468750000000004,0.9836284664216506,0.2479096989966555,0.53,0.3344110854503464,0.5244913338357198,0.3538952579468473,0.5963549447266209,0.517515923566879,0.8625180897250362,0.5558194774346794,0.597142857142857
0.14141414141414144,0.7804141501294217,0.6890756302521008,0.3058035714285716,0.8409622452388908,0.19356187290969895,0.583,0.22494226327944566,0.4355689525244917,0.31696195935383,0.3860173289512997,0.15605095541401273,0.5459479015918958,0.1282660332541568,0.4742857142857142
0.21919191919191916,0.35231521426517115,0.11260504201680677,0.23660714285714324,0.2829936518543268,0.8382107023411371,0.674,0.2217090069284065,0.38658628485305213,0.5628582595101617,0.6368389602629222,0.0,0.5445007235890015,0.0,0.5657142857142858
0.30000000000000004,0.056945642795513396,0.07815126050420163,0.2946428571428572,0.3852322084864684,0.7328595317725752,0.557,0.11870669745958429,0.38206480783722707,0.5788822303282961,0.42754705706602925,0.015923566878980888,0.761577424023155,0.11401425178147273,0.7142857142857144
0.5454545454545456,0.7897612884670693,0.9235294117647059,0.8883928571428572,0.057801536919478785,0.3967391304347826,0.5970000000000001,0.30531177829099304,0.8372268274302939,0.1472772277227723,1.0,0.0,0.04739507959479011,0.0,0.991428571428572
0.2535353535353535,0.5402645959160195,0.8428571428571427,0.7991071428571432,0.9726027397260274,0.4920568561872909,0.306,0.21108545034642034,0.46043707611152973,0.4474986972381447,0.26635793247684514,0.624203821656051,0.6360347322720696,0.37589073634204284,0.5114285714285716
0.2767676767676768,0.16350301984469368,0.48571428571428554,0.33035714285714324,0.41029067824924825,0.050167224080267525,0.606,0.0,0.4295403165033913,0.5106175091193328,0.43172990737974304,0.0,0.4280028943560058,0.027909738717339705,0.5457142857142854
0.5979797979797981,0.0846994535519126,0.3210084033613445,0.2946428571428572,0.31206147677915136,0.625,0.27899999999999997,0.003233256351039271,0.47098718914845517,0.44443720687858246,0.5183746638780998,0.23566878980891723,0.5430535455861072,0.18824228028503565,0.5828571428571427
0.03838383838383841,0.6128846706931261,0.9252100840336133,0.973214285714286,0.5081857667891748,0.35409698996655514,0.131,0.22124711316397222,0.7837226827430293,0.09314747264200096,0.5976994323274575,0.44108280254777077,0.3480463096960926,0.0,0.8028571428571434
0.7060606060606058,0.06111590451538684,0.9957983193277311,0.078125,0.7627798195790176,0.9293478260869565,0.659,0.16581986143187066,0.11831198191409209,0.8356565919749872,0.23737675530325675,0.0,0.5025325615050651,0.21852731591448937,0.3599999999999999
0.4555555555555555,0.24230658613747486,0.7823529411764705,0.3526785714285716,0.6324757768125626,0.6927257525083612,0.028999999999999998,0.17782909930715934,0.4152223059532778,0.2903856175091193,0.3730206154765462,0.6321656050955414,0.5828509406657021,0.0035629453681710332,0.46857142857142886
0.09494949494949512,0.11676732815645668,0.7974789915966387,0.8549107142857144,0.2896759104577347,0.44188963210702337,0.993,0.07713625866050805,0.34966088922381333,0.6390698280354352,0.5527337914550344,0.0,0.30065123010130246,0.0,0.6399999999999997
0.5393939393939393,0.178027034800115,0.021008403361344463,0.15625000000000044,0.1259605746742399,0.5589464882943143,0.915,0.021709006928406438,0.46119065561416717,0.6713783220427305,0.6440095608007174,0.0,0.5814037626628075,0.0,0.5571428571428569
0.2393939393939395,0.9213402358354903,0.968067226890756,0.2589285714285716,0.9662545940527899,0.8917224080267558,0.085,0.6799076212471131,0.5139412207987943,0.22863470557582066,0.41589483119211235,1.0,0.48986975397973953,0.24168646080760103,0.6428571428571432
0.19494949494949498,0.46102962323842384,0.395798319327731,0.04017857142857162,0.11627129969929836,0.9456521739130435,0.001,0.39861431870669745,0.6390354182366238,0.12519541427826986,0.6477442485808186,0.4713375796178344,0.37626628075253254,0.0,0.7742857142857149
0.051515151515151514,0.9459303997699164,0.17142857142857126,0.011160714285714413,0.3224189776144337,0.8377926421404682,0.6729999999999999,0.5829099307159353,0.41446872645064037,0.4729676915059928,0.6475948610696146,0.0,0.5643994211287989,0.0,0.7628571428571425
0.516161616161616,0.4390278976128847,0.6579831932773108,0.4598214285714288,0.6792515870364183,0.015886287625417994,0.255,0.0,0.49284099472494347,0.40470297029702973,0.36689572751717947,0.517515923566879,0.4992764109985529,0.03384798099762476,0.4828571428571431
0.9727272727272729,0.0828300258843831,0.7983193277310923,0.2857142857142856,0.27096558636819246,0.20401337792642138,0.7690000000000001,0.0,0.3006782215523738,0.7244007295466388,0.7033164027487303,0.0,0.3863965267727931,0.0,0.5571428571428569
0.6303030303030301,0.45067587000287607,0.8705882352941177,0.6540178571428577,0.38857333778817243,0.22115384615384615,0.22100000000000003,0.05773672055427248,0.6563677467972875,0.2584679520583637,0.6925605019420377,0.1847133757961784,0.363603473227207,0.0,0.8085714285714287
0.09191919191919196,0.2394305435720448,0.4722689075630251,0.3370535714285716,0.341129301703976,0.9816053511705685,0.04,0.24849884526558896,0.49208741522230603,0.3596274101094321,0.42485808186435625,0.46496815286624216,0.48118668596237335,0.0,0.822857142857143
0.7626262626262628,0.5323554788610871,0.4201680672268906,0.42187500000000044,0.30036752422318747,0.06229096989966554,0.342,0.04341801385681293,0.5599095704596837,0.22609431995831164,0.9188825814161937,0.15286624203821655,0.40738060781476126,0.0,0.4485714285714284
0.01717171717171717,0.3602243313201036,0.7058823529411764,0.14955357142857162,0.7627798195790176,0.9611204013377925,0.11900000000000001,0.23002309468822174,0.4370761115297661,0.3378061490359563,0.2149686286226472,0.7054140127388535,0.6827062228654124,0.3141330166270784,0.5800000000000001
0.863636363636364,0.6335921771642219,0.7882352941176471,0.6741071428571432,0.3852322084864684,0.8904682274247491,0.8740000000000001,0.589838337182448,0.6066314996232101,0.42639395518499223,0.804302360322677,0.0,0.20115774240231543,0.0,0.7742857142857149
0.16868686868686855,0.14624676445211388,0.8731092436974788,0.941964285714286,0.6418309388573338,0.1843645484949833,0.932,0.0,0.34966088922381333,0.6603048462741012,0.39871526740364505,0.0,0.4924023154848046,0.1935866983372922,0.5257142857142858
0.03838383838383841,0.592320966350302,0.053781512605041826,0.9955357142857149,0.2248580020046776,0.8532608695652173,0.601,0.6595842956120093,0.7490580256217032,0.3409327774882751,0.7420077681505827,0.0,0.5083212735166426,0.0,0.637142857142857
0.5848484848484847,0.04270923209663502,0.4092436974789915,0.34821428571428603,0.8920815235549616,0.38210702341137115,0.42,0.028637413394919153,0.1793519216277315,0.7494137571651902,0.1862862264714671,0.37101910828025475,0.7463820549927642,0.7351543942992874,0.6171428571428574
0.3353535353535355,0.013661202185792365,0.33445378151260496,0.7522321428571428,0.14333444704310058,0.3536789297658862,0.032,0.011085450346420306,0.6397889977392617,0.3192417926003126,0.5933671945025397,0.5493630573248408,0.48154848046309695,0.0,0.6142857142857148
0.8151515151515152,0.9292493528904227,0.5050420168067227,0.2924107142857144,0.417641162712997,0.028010033444816007,0.17500000000000002,0.11824480369515011,0.5727204220045219,0.28888744137571654,0.8722736779205259,0.3439490445859873,0.3172937771345875,0.0,0.5857142857142863
0.4898989898989903,0.7614322691975841,0.25210084033613445,0.44642857142857206,0.7053123955897093,0.7420568561872909,0.327,0.4891454965357968,0.5116804822908816,0.22068785825950998,0.5911263818344786,0.5238853503184714,0.5701881331403764,0.1276722090261283,0.5999999999999996
0.41515151515151527,0.22131147540983614,0.05714285714285716,0.8750000000000004,0.0013364517206815904,0.06521739130434778,0.5,0.0484988452655889,0.6247174076865112,0.3130536737884315,0.8400059755004482,0.0,0.47431259044862517,0.0,0.7199999999999998
0.803030303030303,0.15717572620074777,0.47899159663865554,0.16294642857142883,0.03942532576010691,0.9661371237458194,0.161,0.24665127020785216,0.6428033157498119,0.22804846274101087,0.7579922318494176,0.12898089171974522,0.3147612156295224,0.0,0.8142857142857141
0.2454545454545456,0.136468219729652,0.9294117647058824,0.8839285714285716,0.02372201804209823,0.7734113712374582,0.805,0.2309468822170901,0.6224566691785984,0.5157634184471078,0.7360322677024204,0.0,0.11070911722141819,0.0,0.7028571428571428
0.03434343434343434,0.3398044291055507,0.17647058823529416,0.3348214285714288,0.8052121617106582,0.7650501672240801,0.16399999999999998,0.23741339491916863,0.48907309721175585,0.41271495570609695,0.24424858081864353,0.8343949044585988,0.7883502170767005,0.48871733966745856,0.5428571428571427
0.9070707070707071,0.2945067587000288,0.09159663865546208,0.125,0.24256598730370865,0.2683946488294314,0.04,0.01016166281755193,0.44385832705350436,0.40711307972902544,0.749477143710786,0.5971337579617835,0.6769175108538352,0.0,0.5314285714285711
0.6333333333333335,0.24547023295944775,0.6235294117647059,0.8415178571428577,0.05045105245573004,0.3001672240802675,0.531,0.1348729792147806,0.645817633760362,0.4067222511724857,0.8101284732596356,0.0,0.323082489146165,0.0,0.7257142857142851
0.6323232323232324,0.6108714408973253,0.5193277310924367,0.13392857142857162,0.5215502839959907,0.3256688963210702,0.7390000000000001,0.17182448036951503,0.46646571213262966,0.44359041167274627,0.5763370182252764,0.0,0.4290882778581766,0.0,0.6228571428571428
0.1393939393939394,0.6272648835202759,0.4369747899159664,0.5982142857142865,0.8102238556632142,0.705685618729097,0.314,0.433256351039261,0.5252449133383572,0.2722772277227723,0.43591275769345683,0.4952229299363058,0.5897250361794502,0.26781472684085517,0.5057142857142853
0.5343434343434346,0.9709519700891571,0.43109243697478994,0.5714285714285716,0.7674574006014032,0.8030936454849498,0.42600000000000005,0.6452655889145495,0.6405425772418991,0.18427566440854592,0.5430236032267705,0.25955414012738853,0.5390738060781477,0.0,0.8771428571428572
0.6343434343434347,0.13316077077940752,0.807563025210084,0.4598214285714288,0.5796859338456399,0.2696488294314381,0.662,0.0,0.38055764883195176,0.5632490880667016,0.4327756199581715,0.0,0.5036179450072359,0.24643705463182908,0.805714285714286
0.9030303030303035,0.4659188955996549,0.8638655462184872,0.2767857142857144,0.942866688940862,0.5928093645484949,0.06,0.19538106235565822,0.4453654860587788,0.2652423137050546,0.40678219300866447,0.8614649681528662,0.7196092619392185,0.4851543942992874,0.7742857142857149
0.11010101010101025,0.5245901639344261,0.2697478991596638,0.5267857142857149,0.9599064483795523,0.19356187290969895,0.223,0.13210161662817554,0.5651846269781462,0.24700364773319428,0.31012847325963555,0.8980891719745223,0.7604920405209841,0.6312351543942994,0.6228571428571428
0.5070707070707072,0.1307161345987921,0.5411764705882351,0.03348214285714324,0.9582358837287003,0.43352842809364545,0.848,0.021247113163972264,0.07611152976639035,0.7245310057321523,0.06841948013146104,0.0,0.7510853835021709,0.6223277909738718,0.5342857142857138
0.9939393939393939,0.800115041702617,0.6932773109243695,0.2589285714285716,0.7133311059137989,0.3219063545150501,0.084,0.25681293302540414,0.48304446119065547,0.2662193850964043,0.6683597251269794,0.657643312101911,0.5047033285094067,0.0106888361045131,0.7085714285714291
0.7070707070707074,0.40854184641932695,0.4798319327731091,0.7343750000000004,0.5345806882726362,0.5974080267558528,0.608,0.33163972286374127,0.6247174076865112,0.35122459614382473,0.601135345085151,0.0,0.5318379160636759,0.02197149643705465,0.7828571428571429
0.08484848484848495,0.9259419039401782,0.5621848739495798,0.09375,0.6358169061142667,0.7629598662207357,0.672,0.540877598152425,0.34966088922381333,0.4684080250130276,0.4741559605616973,0.0,0.4334298118668597,0.0,0.29428571428571404
0.9292929292929293,0.10310612597066432,0.4361344537815126,0.7901785714285721,0.01135983962579352,0.48913043478260865,0.812,0.10207852193995381,0.5003767897513187,0.5248176133402813,0.8331341499850612,0.0,0.48010130246020255,0.0,0.7485714285714282
0.5373737373737375,0.7310900201322978,0.055462184873949605,0.4129464285714288,0.724356832609422,0.21321070234113704,0.261,0.1884526558891455,0.3662396382818387,0.41545075560187605,0.547206453540484,0.7054140127388535,0.7044138929088277,0.22446555819477432,0.5771428571428574
0.8595959595959595,0.9187517975266033,0.27142857142857135,0.4598214285714288,0.07317073170731707,0.826086956521739,0.334,0.6166281755196306,0.8153730218538056,0.07686294945284011,1.0,0.09076433121019109,0.3657742402315485,0.0,0.8971428571428577
0.08484848484848495,0.4880644233534656,0.5394957983193276,0.9129464285714293,0.7200133645172069,0.038461538461538436,0.057,0.0,0.5787490580256218,0.2982673267326732,0.396175679713176,0.7929936305732486,0.4989146164978292,0.2262470308788599,0.7800000000000002
0.6959595959595963,0.0854184641932701,0.9789915966386553,0.36160714285714324,0.8569996658870698,0.5723244147157189,0.233,0.031870669745958424,0.19969856819894494,0.5973814486711828,0.1628323872124291,0.5796178343949044,0.7109261939218525,0.2209026128266034,0.6485714285714286
0.6636363636363638,0.9270923209663502,0.807563025210084,0.7790178571428577,0.27697961911125957,0.7487458193979932,0.348,0.587066974595843,0.8214016578749059,0.13047159979155798,0.9611592470869438,0.060509554140127375,0.2138205499276411,0.0,1.0
0.03939393939393954,0.16824849007765313,0.41176470588235303,0.7209821428571428,0.9448713665218844,0.8913043478260869,0.307,0.2775981524249423,0.388093443858327,0.4433949973944762,0.11995817149686294,0.5621019108280255,0.8603473227206948,0.5504750593824228,0.45142857142857107
0.6585858585858586,0.17198734541271216,0.8210084033613443,0.7120535714285716,0.26060808553291015,0.9088628762541806,0.975,0.2826789838337182,0.4559155990957042,0.6342496091714436,0.712279653420974,0.0,0.1780028943560058,0.0,0.7199999999999998
0.47070707070707085,0.5532067874604543,0.1025210084033612,0.5401785714285716,0.22586034079518877,0.5785953177257526,0.898,0.35242494226327953,0.6028636021100229,0.5676784783741531,0.8634598147594862,0.0,0.5390738060781477,0.0,0.6228571428571428
0.3161616161616161,0.8073051481161921,0.06470588235294117,0.7410714285714284,0.5225526227865018,0.7487458193979932,0.149,0.6226327944572749,0.7528259231348908,0.1711177696717041,0.6571556617866748,0.6831210191082803,0.7785817655571636,0.032660332541567694,0.6828571428571433
0.6000000000000003,0.5021570319240725,0.2705882352941176,0.171875,0.9903107250250585,0.6743311036789297,0.927,0.20600461893764438,0.13941220798794252,0.8017196456487754,0.26202569465192715,0.0,0.680535455861071,0.7197149643705464,0.4257142857142857
0.016161616161616266,0.04716709807305147,0.642016806722689,0.6428571428571432,0.1660541262946876,0.1864548494983277,0.55,0.0,0.48229088168801804,0.44241792600312646,0.5696145802210936,0.0,0.31259044862518093,0.0,0.7599999999999998
0.30101010101010117,0.5314926660914581,0.8663865546218488,0.12723214285714324,0.38656866020715,0.43143812709030094,0.9209999999999999,0.1625866050808314,0.3933685003767895,0.6557451797811362,0.6783686883776517,0.0,0.38096960926193923,0.0,0.6171428571428574
0.9747474747474747,0.3748921484037963,0.026050420168067134,0.0758928571428572,0.7707985299031073,0.06647157190635444,0.578,0.0,0.25847776940467204,0.6369854090672227,0.3751120406334031,0.23248407643312105,0.7999276410998555,0.5926365795724466,0.5200000000000005
0.31313131313131337,0.8993385102099509,0.5705882352941176,0.9486607142857149,0.052455730036752427,0.11538461538461531,0.938,0.3117782909930716,0.7942727957799547,0.2817222511724857,1.0,0.0,0.06801736613603482,0.0,0.6542857142857139
0.6363636363636365,0.5822548173712971,0.33865546218487386,0.6964285714285716,0.017039759438690277,0.32023411371237454,0.251,0.21339491916859116,0.7799547852298421,0.11229807191245444,0.9251568568867644,0.08439490445859871,0.4630969609261939,0.0,0.7314285714285713
0.22424242424242413,0.6778832326718436,0.7705882352941176,0.078125,0.29736050785165385,0.14548494983277593,0.094,0.02401847575057736,0.5425772418990205,0.25898905680041673,0.7098894532417092,0.48089171974522293,0.34008683068017365,0.0,0.6457142857142859
0.3212121212121213,0.569887834339948,0.5815126050420167,0.7299107142857149,0.4026060808553291,0.9523411371237458,0.9109999999999999,0.6794457274826791,0.5395629238884703,0.4522537780093798,0.6440095608007174,0.0,0.37481910274963826,0.0,0.8485714285714288
0.15555555555555545,0.5949094046591887,0.8974789915966384,0.8772321428571437,0.8853992649515536,0.24080267558528423,0.716,0.2688221709006928,0.44385832705350436,0.5450755601875978,0.3295488497161637,0.0,0.5025325615050651,0.24287410926365804,0.7085714285714291
0.5444444444444445,0.3872591314351452,0.27226890756302513,0.84375,0.448713665218844,0.26295986622073575,0.583,0.12009237875288681,0.5079125847776944,0.4613079729025533,0.6613385121003886,0.0,0.49131693198263393,0.009501187648456089,0.694285714285714
0.06464646464646484,0.41688236985907395,0.2252100840336133,0.09821428571428559,0.9194787838289342,0.1864548494983277,0.231,0.033718244803695174,0.22682743029389574,0.5265112037519541,0.11278757095906788,0.8280254777070064,0.8560057887120118,0.666270783847981,0.2571428571428571
0.1343434343434342,0.5232959447799828,0.1025210084033612,0.8080357142857144,0.21617106582024723,0.4184782608695652,0.373,0.22217090069284068,0.7249434815373021,0.23091453882230306,0.8645055273379146,0.23407643312101914,0.5039797395079596,0.0,0.902857142857143
0.4666666666666668,0.54989933851021,0.05798319327731094,0.957589285714286,0.9041095890410958,0.14548494983277593,0.6759999999999999,0.12702078521939952,0.5026375282592315,0.45941896821261063,0.4535404840155365,0.2754777070063694,0.804630969609262,0.6965558194774347,0.8857142857142852
0.21111111111111125,0.897612884670693,0.46218487394957974,0.6361607142857144,0.3127297026394921,0.07232441471571904,0.833,0.18983833718244802,0.6277317256970609,0.25091193329859296,0.8125186734389004,0.0,0.30463096960926195,0.0,0.7171428571428571
0.9101010101010101,0.11302847282139777,0.8689075630252099,0.08705357142857162,0.34948212495823594,0.6304347826086956,0.8959999999999999,0.06558891454965354,0.17859834212509407,0.8430823345492444,0.6345981475948611,0.0,0.23625180897250364,0.0,0.5342857142857138
0.696969696969697,0.15171124532643082,0.9806722689075629,0.2008928571428572,0.136986301369863,0.47366220735785947,0.413,0.1607390300230947,0.47927656367746785,0.46358780614903594,0.6662682999701225,0.0,0.24565846599131702,0.0,0.5914285714285716
0.9898989898989903,0.26272648835202755,0.9865546218487395,0.42187500000000044,0.42365519545606417,0.06897993311036787,0.14300000000000002,0.03002309468822173,0.5342878673700073,0.3544815007816571,0.6812070510905289,0.3805732484076433,0.3545586107091172,0.0,0.8028571428571434
0.814141414141414,0.7236123094621798,0.3042016806722687,0.2566964285714288,0.5920481122619445,0.27717391304347827,0.272,0.29792147806004615,0.418236623963828,0.38516154247003653,0.7200478040035853,0.4267515923566879,0.7116497829232995,0.0,0.6657142857142855
0.6838383838383841,0.2664653436870866,0.9714285714285713,0.9308035714285716,0.5425993985967257,0.0656354515050167,0.29100000000000004,0.025404157043879882,0.7174076865109269,0.3039994788952578,0.6281744846130862,0.37898089171974525,0.37337192474674386,0.0,0.5914285714285716
0.7626262626262628,0.5956284153005462,0.3453781512605043,0.046875000000000444,0.66388239224858,0.9920568561872909,0.271,0.46143187066974595,0.41597588545591524,0.4207920792079207,0.4638482222886168,0.4952229299363058,0.5698263386396527,0.07482185273159148,0.44285714285714306
0.31919191919191925,0.33951682484900764,0.5327731092436974,0.9084821428571428,0.2662880053458069,0.06688963210702337,0.308,0.04480369515011545,0.7430293896006028,0.22739708181344453,0.6541679115625935,0.160828025477707,0.4247467438494935,0.0,0.9000000000000004
0.8888888888888891,0.6967213114754098,0.6176470588235294,0.05580357142857162,0.28499832943534914,0.10075250836120397,0.17300000000000001,0.17644341801385682,0.6925395629238884,0.17984627410109444,0.8171496862862265,0.38694267515923564,0.30824891461649784,0.0,0.7199999999999998
0.6414141414141417,0.38107563991947085,0.20840336134453774,0.23883928571428603,0.29134647510858674,0.07525083612040129,0.868,0.01616628175519627,0.4453654860587788,0.5343929129755083,0.6886764266507323,0.0,0.48769898697539804,0.0,0.6971428571428566
0.6090909090909091,0.38179465056082834,0.34369747899159653,0.43973214285714324,0.07784831272970265,0.8963210702341136,0.664,0.44896073903002315,0.6081386586284854,0.48254299114121957,0.8979683298476248,0.0,0.30535455861070915,0.0,0.8828571428571426
0.005050505050504972,0.2936439459303997,0.37899159663865545,0.10267857142857162,0.8960908787170063,0.017140468227424766,0.324,0.0,0.20723436322532018,0.612949452840021,0.12817448461308634,0.5939490445859873,0.7999276410998555,0.5872921615201901,0.4257142857142857
1.0000000000000002,0.07693413862525161,0.5260504201680671,0.6049107142857144,0.07851653859004344,0.3252508361204013,0.662,0.05727482678983831,0.458176337603617,0.4400729546638875,0.8189423364206753,0.0,0.324891461649783,0.0,0.5514285714285716
0.5010101010101013,0.5425654299683635,0.3689075630252099,0.14508928571428603,0.4086201135983963,0.6668060200668895,0.41100000000000003,0.4120092378752887,0.49585531273549366,0.3525924960917144,0.5887361816552138,0.21974522292993634,0.41027496382054995,0.0,0.6457142857142859
0.792929292929293,0.6974403221167673,0.4638655462184871,0.7053571428571437,0.9284998329435349,0.7646321070234112,0.41100000000000003,0.6032332563510392,0.5312735493594571,0.2942287649817612,0.5265909769943232,0.44108280254777077,0.6816208393632417,0.4346793349168647,0.6114285714285712
0.3717171717171719,0.8750359505320677,0.03865546218487381,0.4933035714285716,0.8128967591045773,0.31270903010033446,0.163,0.3459584295612009,0.6428033157498119,0.11431735278791044,0.5814161936062147,0.8248407643312102,0.8646888567293778,0.40083135391923996,0.5114285714285716
0.7383838383838384,0.017975266033937287,0.253781512605042,0.6696428571428577,0.3037086535248914,0.7520903010033444,0.026000000000000002,0.10484988452655886,0.5734740015071589,0.2698019801980196,0.6193606214520467,0.6385350318471338,0.6555716353111434,0.0,0.6028571428571423
0.867676767676768,0.5359505320678746,0.45882352941176463,0.7031250000000004,0.9692616104243235,0.8177257525083612,0.09,0.5016166281755197,0.4596834966088923,0.2737102657634185,0.5035853002688976,0.9570063694267518,0.7586830680173662,0.4453681710213777,0.5457142857142854
0.10404040404040416,0.7414437733678456,0.21596638655462175,0.3549107142857144,0.3595055128633478,0.4581939799331103,0.18600000000000003,0.26420323325635103,0.651846269781462,0.11223293381969768,0.7201971915147894,0.5254777070063695,0.5126628075253256,0.0,0.6657142857142855
0.30606060606060637,0.8851020995110728,0.3092436974789916,0.5133928571428572,0.0,0.9983277591973243,0.5479999999999999,0.7838337182448036,0.8085908063300677,0.06624544033350688,1.0,0.0,0.11866859623733728,0.0,0.7771428571428576
0.5212121212121212,0.28587863100373884,0.16386554621848726,0.6160714285714288,0.5786835950551287,0.9782608695652173,0.961,0.3062355658198615,0.34513941220798783,0.6757425742574259,0.499551837466388,0.0,0.6306078147612157,0.3141330166270784,0.5714285714285712
0.2969696969696971,0.501438021282715,0.7285714285714284,0.707589285714286,0.6151019044437019,0.5380434782608696,0.055999999999999994,0.28545034642032335,0.65561416729465,0.13027618551328812,0.4841649238123694,0.6417197452229301,0.5835745296671491,0.0,0.4571428571428573
0.1717171717171717,0.631866551624964,0.6739495798319326,0.25000000000000044,0.7043100567991981,0.5568561872909699,0.684,0.4568129330254042,0.32856066314996246,0.5181735278791038,0.4575739468180461,0.0,0.40412445730824886,0.10866983372921618,0.45142857142857107
0.5484848484848486,0.4726775956284152,0.6907563025210084,0.46875,0.8499832943534915,0.6195652173913042,0.8240000000000001,0.22078521939953805,0.2825923134890731,0.5689161021365292,0.42754705706602925,0.0,0.4573082489146165,0.4233966745843232,0.47142857142857153
0.42525252525252544,0.580529191832039,0.09999999999999987,0.1875,0.8676912796525226,0.10033444816053505,0.668,0.038337182448036966,0.20346646571213256,0.5293772798332463,0.2904093217806992,0.3121019108280255,0.7644717800289436,0.5599762470308789,0.0
0.9575757575757577,0.42335346563129134,0.48487394957983176,0.9866071428571428,0.39893083862345474,0.7826086956521738,0.99,0.41431870669745957,0.6284853051996984,0.5525664408546116,0.8576337018225278,0.0,0.3288712011577425,0.0,0.7085714285714291
0.7969696969696971,0.2188668392292205,0.43445378151260505,0.7723214285714288,0.5172068159037755,0.7922240802675584,0.231,0.16166281755196305,0.40391861341371493,0.4445023449713392,0.6117418583806394,0.4665605095541402,0.5672937771345876,0.2036817102137768,0.491428571428572
0.35656565656565675,0.39516824849007764,0.06890756302521006,0.5223214285714293,0.46508519879719346,0.5413879598662208,0.428,0.28406466512702083,0.3391107761868879,0.5338066701406983,0.6033761577532121,0.14968152866242038,0.6979015918958031,0.2595011876484561,0.7257142857142851
0.5525252525252526,0.6796088582111013,0.40168067226890747,0.5066964285714293,0.20514533912462413,0.5355351170568561,0.276,0.3505773672055427,0.7678975131876413,0.1889004689942677,0.8706304152972814,0.09235668789808918,0.3462373371924746,0.0,0.822857142857143
0.3141414141414143,0.06226632154155881,0.8739495798319328,0.6205357142857144,0.3000334112930171,0.060618729096989954,0.935,0.0,0.40542577241899025,0.6920270974465867,0.45906782193008666,0.0,0.20803183791606372,0.0,0.45999999999999996
0.8787878787878787,0.34339948231233824,0.25546218487394956,0.48214285714285765,0.450384229869696,0.24874581939799323,0.8270000000000001,0.07020785219399533,0.36397889977392595,0.6757425742574259,0.7058559904391996,0.0,0.5777858176555717,0.04156769596199528,0.39714285714285724
0.1565656565656568,0.5754961173425366,0.031932773109243584,0.9084821428571428,0.750417641162713,0.1923076923076923,0.8190000000000001,0.13256351039260972,0.47249434815373004,0.6193981240229285,0.3915446668658501,0.022292993630573243,0.8277858176555717,0.5908551068883611,0.5485714285714289
0.27575757575757587,0.8005464480874316,0.09747899159663875,0.41741071428571486,0.4590711660541263,0.5836120401337792,0.266,0.4729792147806005,0.6284853051996984,0.1620635747785304,0.7378249178368689,0.33439490445859876,0.5430535455861072,0.0,0.7000000000000002
0.42525252525252544,0.08124820247339665,0.6932773109243695,0.06473214285714324,0.958904109589041,0.4995819397993311,0.971,0.019861431870669743,0.0,0.9186425221469514,0.05183746638780995,0.0,0.5976845151953691,0.6781472684085512,0.45999999999999996
0.9353535353535352,0.22073626689675002,0.7823529411764705,0.4933035714285716,0.73103909121283,0.9765886287625418,0.069,0.20877598152424942,0.46119065561416717,0.2931214174048984,0.4765461607409621,0.6417197452229301,0.5419681620839364,0.21080760095011886,0.43714285714285683
0.4666666666666668,0.4000575208513086,0.30336134453781516,0.4308035714285716,0.039091212829936516,0.6910535117056855,0.04,0.25127020785219395,0.6872645064054259,0.17222511724856693,0.8102778607708397,0.37420382165605093,0.4370477568740956,0.0,0.8199999999999994
0.9717171717171722,0.2151279838941616,0.16974789915966393,0.6339285714285721,0.5923822251921149,0.487876254180602,0.7690000000000001,0.13163972286374132,0.3843255463451394,0.5958181344450237,0.5458619659396476,0.0,0.7073082489146165,0.22268408551068886,0.7599999999999998
0.9888888888888892,0.34785734828875464,0.5487394957983192,0.3370535714285716,0.03775476110925492,0.7378762541806019,0.027999999999999997,0.25819861431870667,0.5312735493594571,0.25670922355393433,0.941290708096803,0.24363057324840767,0.23986975397973953,0.0,0.6457142857142859
0.8666666666666665,0.2568306010928962,0.6151260504201679,0.04910714285714324,0.3942532576010692,0.4389632107023411,0.001,0.0,0.5018839487565936,0.25306149035956227,0.6561099492082464,0.6640127388535033,0.4732272069464545,0.0,0.7000000000000002
0.7515151515151517,0.24345700316364677,0.42689075630252105,0.7901785714285721,0.9535583027063147,0.037207357859531776,0.337,0.0,0.33232856066314964,0.4519932256383532,0.3400059755004482,0.5398089171974523,0.657742402315485,0.6478622327790975,0.5342857142857138
0.4242424242424243,0.842824273799252,0.33445378151260496,0.0915178571428572,0.27931840962245236,0.6066053511705685,0.929,0.4406466512702078,0.44385832705350436,0.34920531526836895,0.837317000298775,0.0,0.30933429811866864,0.0,0.402857142857143
0.9828282828282833,0.33951682484900764,0.9042016806722688,0.8593750000000004,0.2355496157701303,0.8390468227424748,0.6729999999999999,0.41986143187066977,0.7083647324792768,0.3435383011985409,0.9187331939049895,0.0,0.20767004341534012,0.0,1.0
0.36464646464646466,0.3961748633879782,0.14453781512605035,0.05133928571428603,0.9121282993651855,0.017140468227424766,0.32799999999999996,0.0,0.2758100979653353,0.5166753517457008,0.1593964744547357,0.5700636942675159,0.8997829232995658,0.6330166270783849,0.5057142857142853
0.16767676767676787,0.6511360368133448,0.5672268907563023,0.7120535714285716,0.1961242900100234,0.6325250836120402,0.084,0.4494226327944573,0.761115297663904,0.1511203751954142,0.7795040334628024,0.3694267515923566,0.280752532561505,0.0,0.6571428571428575
0.8969696969696972,0.7457578372159905,0.12100840336134455,0.8482142857142856,0.3481456732375543,0.28637123745819393,0.171,0.3113163972286374,0.6932931424265263,0.08461438249088071,0.962204959665372,0.46974522292993626,0.45260492040520983,0.0,0.5999999999999996
0.8505050505050507,0.3327581248202474,0.9369747899159664,0.6651785714285716,0.31406615436017377,0.7328595317725752,0.47700000000000004,0.2175519630484989,0.646571213262999,0.36288431474726424,0.8291006871825516,0.0,0.37083936324167877,0.0,0.7514285714285718
0.509090909090909,0.1601955708944493,0.49747899159663866,0.0625,1.0,0.8390468227424748,0.595,0.2235565819861432,0.11228334589299171,0.8346143824908807,0.1120406334030476,0.16719745222929935,0.7930535455861072,0.6241092636579573,0.3714285714285719
0.6717171717171719,0.5648547598504456,0.00588235294117645,0.3549107142857144,0.7160040093551621,0.3415551839464882,0.8320000000000001,0.2244803695150115,0.2629992464204971,0.6423918707660241,0.518673438900508,0.0,0.7232272069464545,0.473871733966746,0.4571428571428573
0.7767676767676772,0.5895887259131436,0.09999999999999987,0.5602678571428572,0.2602739726027397,0.32441471571906355,0.051,0.2933025404157044,0.781461944235117,0.037063574778530395,0.7656109949208246,0.517515923566879,0.6052821997105644,0.0,0.765714285714286
0.753535353535354,0.01998849582973833,0.8277310924369747,0.8325892857142856,0.25158703641830943,0.7153010033444815,0.564,0.08406466512702077,0.4687264506405424,0.4696456487754037,0.6859874514490588,0.0,0.33429811866859627,0.0,0.8171428571428567
0.3545454545454545,0.8797814207650272,0.4806722689075631,0.6696428571428577,0.10290678249248246,0.15342809364548493,0.65,0.2290993071593534,0.816126601356443,0.18121417404898366,0.9738571855392889,0.0,0.23589001447178004,0.0,0.7542857142857144
0.9333333333333333,0.08757549611734256,0.5781512605042016,0.44642857142857206,0.5950551286334781,0.9974916387959867,0.44200000000000006,0.1741339491916859,0.31951770911831234,0.5306800416883795,0.47699432327457447,0.1464968152866242,0.5604196816208393,0.13182897862232779,0.6028571428571423
0.38888888888888906,0.8330457290767903,0.738655462184874,0.12053571428571441,0.7287003007016372,0.5739966555183946,0.24,0.423094688221709,0.42200452147701606,0.25885878061490364,0.46743352255751425,0.5270700636942676,0.48878437047756873,0.0,0.47142857142857153
0.5030303030303032,0.8741731377624389,0.22352941176470598,0.42187500000000044,0.9458737053123956,1.0,0.76,0.9519630484988453,0.3293142426525999,0.5726941115164148,0.4946220495966539,0.17197452229299362,0.7170767004341534,0.3764845605700713,0.48857142857142843
0.2777777777777779,0.6883807880356627,0.6957983193277311,0.8727678571428581,0.9629134647510859,0.2420568561872909,0.095,0.30900692840646643,0.5795026375282593,0.17880406461698795,0.43113235733492694,0.8407643312101911,0.7159913169319827,0.2980997624703088,0.45999999999999996
0.4565656565656566,0.9647684785734829,0.03361344537815136,0.8236607142857144,0.43869027731373206,0.48285953177257523,0.40299999999999997,0.5302540415704389,0.8379804069329313,0.09874934861907225,0.9586196593964748,0.2022292993630573,0.5513748191027495,0.0,0.8685714285714283
0.12121212121212133,0.6679608858211101,0.603361344537815,0.2857142857142856,0.965586368192449,0.9690635451505016,0.731,0.49006928406466504,0.24340617935192155,0.6818004168837937,0.24021511801613393,0.15764331210191082,0.5253256150506512,0.29988123515439435,0.6485714285714286
0.6979797979797981,0.05363819384526891,0.96890756302521,0.8035714285714288,0.12829936518543267,0.2855351170568562,0.631,0.0,0.5599095704596837,0.48645127670661803,0.735733492680012,0.0,0.16280752532561504,0.0,0.6485714285714286
0.4525252525252528,0.4157319528329018,0.6411764705882352,0.4732142857142856,0.20748412963581692,0.2759197324414715,0.625,0.10254041570438799,0.49284099472494347,0.4921182907764461,0.7567971317597849,0.0,0.3654124457308249,0.0,0.6828571428571433
0.44545454545454555,0.9268047167098072,0.6697478991596639,0.3035714285714288,0.7734714333444704,0.5660535117056855,0.26,0.3579676674364896,0.5290128108515444,0.22602918186555487,0.5618464296384823,0.44426751592356695,0.591534008683068,0.0,0.46285714285714263
0.9323232323232327,0.47008915731952833,0.5470588235294116,0.9977678571428581,0.44938189107918475,0.7144648829431437,0.706,0.43602771362586606,0.5591559909570463,0.39486711829077636,0.8062443979683299,0.0,0.3505788712011578,0.0,0.8171428571428567
0.13232323232323218,0.6407822835777968,0.5932773109243696,0.84375,0.6491814233210825,0.685200668896321,0.898,0.46836027713625866,0.5199698568198943,0.5052761855132881,0.4911861368389602,0.0,0.4384949348769899,0.11579572446555825,0.6457142857142859
0.7909090909090908,0.29465056082830027,0.055462184873949605,0.5401785714285716,0.22920147009689276,0.6237458193979932,0.24100000000000002,0.1958429561200924,0.5681989449886964,0.3479676915059926,0.8882581416193608,0.2531847133757962,0.6711287988422576,0.0,0.7714285714285714
0.870707070707071,0.10655737704918039,0.9336134453781513,0.7031250000000004,0.760441029067825,0.6680602006688963,0.9790000000000001,0.10023094688221706,0.2554634513941223,0.8191766545075561,0.45966537197490276,0.0,0.4616497829232996,0.3016627078384798,0.4257142857142857
0.07777777777777772,0.01682484900776532,0.7092436974789915,0.11383928571428559,0.3595055128633478,0.051421404682274185,0.20199999999999999,0.0,0.4408440090429542,0.45121156852527355,0.35121003884075297,0.21178343949044584,0.5799565846599133,0.0,0.677142857142857
0.6828282828282826,0.21182053494391712,0.8647058823529412,0.8571428571428577,0.46074173070497826,0.6622073578595318,0.7090000000000001,0.21524249422632796,0.4935945742275809,0.6001823866597185,0.6402748730206157,0.0,0.316931982633864,0.0,0.4571428571428573
0.8373737373737373,0.5510497555363818,0.19243697478991595,0.6540178571428577,0.0013364517206815904,0.2161371237458194,0.966,0.06928406466512699,0.6480783722682744,0.48918707660239713,1.0,0.0,0.24240231548480462,0.0,0.7742857142857149
0.2353535353535352,0.9414725337934999,0.5781512605042016,0.21875000000000044,0.1112596057467424,0.24707357859531764,0.909,0.1912240184757506,0.5742275810097963,0.3867899947889526,0.8803406035255453,0.0,0.1436324167872648,0.0,0.7742857142857149
0.49090909090909096,0.6321541558815069,0.4605042016806722,0.9174107142857149,0.7066488473103909,0.36036789297658856,0.682,0.381986143187067,0.5048982667671442,0.47120896300156323,0.5830594562294592,0.0,0.4735890014471781,0.10510688836104515,0.7857142857142856
0.49090909090909096,0.1729939603106126,0.6672268907563024,0.973214285714286,0.1673905780153692,0.056020066889632125,0.385,0.050808314087759765,0.6684250188394874,0.2718212610734756,0.6582013743651031,0.019108280254777066,0.30426917510853835,0.0,0.7971428571428572
0.5141414141414142,0.818234109864826,0.5798319327731092,0.8593750000000004,0.12061476779151353,0.37165551839464883,0.514,0.320554272517321,0.6880180859080638,0.23065398645127666,1.0,0.0,0.07054992764109991,0.0,0.8485714285714288
0.7727272727272727,0.8684210526315788,0.13361344537815123,0.008928571428571619,0.9351820915469429,0.5631270903010033,0.78,0.3829099307159353,0.3526752072343631,0.43811881188118806,0.41260830594562303,0.1353503184713376,0.7163531114327062,0.38657957244655583,0.6514285714285712
0.08383838383838382,0.029191832039114185,0.7344537815126051,0.5714285714285716,0.4039425325760107,0.05434782608695654,0.493,0.0,0.3926149208741525,0.5943850964043773,0.33896026292201975,0.0,0.434876989869754,0.0,0.49714285714285733
0.16767676767676787,0.95010066148979,0.9008403361344537,0.6160714285714288,0.9766120948880722,0.0033444816053511683,0.34600000000000003,0.1113163972286374,0.6382818387339864,0.13053673788431475,0.3999103674932777,0.5127388535031847,0.5358176555716354,0.3016627078384798,0.7857142857142856
0.5171717171717176,0.3904227782571183,0.19579831932773106,0.26785714285714324,0.7420648179084531,0.7433110367892977,0.662,0.24434180138568123,0.25018839487565936,0.6194632621156855,0.3331341499850612,0.12261146496815287,0.6819826338639654,0.5261282660332541,0.597142857142857
0.3151515151515154,0.21800402645959166,0.8823529411764703,0.754464285714286,0.24791179418643502,0.4105351170568562,0.035,0.0674364896073903,0.6352675207234366,0.25898905680041673,0.60367493277562,0.5159235668789809,0.3599855282199711,0.0,0.6600000000000001
0.898989898989899,0.5642795513373597,0.24537815126050422,0.06696428571428603,0.49782826595389246,0.8770903010033444,0.10300000000000001,0.35334872979214776,0.45666917859834255,0.3279051589369464,0.7249775918733196,0.624203821656051,0.6740231548480464,0.019596199524940627,0.41428571428571415
0.906060606060606,0.0018694276675295107,0.3739495798319328,0.3415178571428572,0.9492148346140996,0.7775919732441472,0.315,0.0,0.14996232102486795,0.6827123501823866,0.15625933671945036,0.7085987261146497,0.8096960926193923,0.7773159144893113,0.2885714285714287
0.5686868686868689,0.5639919470808168,0.21260504201680663,0.6517857142857144,0.21249582358837288,0.390886287625418,0.40299999999999997,0.2715935334872979,0.6608892238131121,0.30048202188639905,0.8089333731700031,0.09713375796178345,0.5756150506512303,0.0,0.7199999999999998
0.5757575757575759,0.1371872303710095,0.4882352941176471,0.4642857142857144,0.004343468092215169,0.2441471571906354,0.8240000000000001,0.027713625866050806,0.5041446872645063,0.5637701928087546,0.7690469076785184,0.0,0.1722141823444283,0.0,0.8171428571428567
0.8727272727272728,0.9311187805579522,0.6436974789915964,0.723214285714286,0.9284998329435349,0.8783444816053512,0.312,0.8734411085450347,0.651846269781462,0.20075560187597707,0.6982372273677923,0.6719745222929937,0.536903039073806,0.2434679334916865,0.7400000000000002
0.8080808080808082,0.9398907103825134,0.24453781512605044,0.6964285714285716,0.6942866688940863,0.2696488294314381,0.34299999999999997,0.4785219399538106,0.6224566691785984,0.1668186555497655,0.7978786973409023,0.4761146496815287,0.6045586107091174,0.22446555819477432,0.902857142857143
0.9525252525252526,0.9930974978429679,0.6067226890756303,0.48214285714285765,0.8128967591045773,0.02968227424749159,0.8490000000000001,0.09607390300230945,0.4227581009796535,0.3662714955706097,0.7248282043621154,0.0,0.2832850940665702,0.03741092636579574,0.5800000000000001
0.8464646464646466,0.5944779982743744,0.018487394957983128,0.2790178571428572,0.044102906782492485,0.76128762541806,0.375,0.4351039260969977,0.6932931424265263,0.19313444502344979,0.9690767851807588,0.08439490445859871,0.526410998552822,0.0,0.7942857142857145
0.7353535353535354,0.7283577796951395,0.9907563025210084,0.6540178571428577,0.8556632141663882,0.0317725752508361,0.8170000000000001,0.15889145496535795,0.37226827430293863,0.5663105784262636,0.47012249775918724,0.0,0.33574529667149067,0.0,0.4114285714285715
0.2606060606060605,0.5363819384526891,0.9899159663865547,0.41741071428571486,0.37821583695289007,0.16429765886287617,0.209,0.09653579676674362,0.6601356443104747,0.14428087545596657,0.6062145204660893,0.355095541401274,0.30065123010130246,0.0,0.7514285714285718
0.4343434343434345,0.5061834915156744,0.47478991596638664,0.5580357142857149,0.5633144002672903,0.6672240802675584,0.095,0.3621247113163972,0.6156744536548606,0.21899426784783738,0.5479533910965045,0.6433121019108281,0.5716353111432706,0.04216152019002378,0.8028571428571434
0.004040404040404066,0.7676157607132585,0.5537815126050418,0.5178571428571428,0.2215168727029736,0.5,0.818,0.45588914549653575,0.5162019593067071,0.5132230328295988,0.7642665073199882,0.0,0.20730824891461652,0.0,0.8457142857142861
0.03838383838383841,0.901351740005752,0.5495798319327732,0.3571428571428572,0.14734380220514534,0.2006688963210702,0.6020000000000001,0.19953810623556584,0.6767143933685,0.21280614903595607,0.8782491783686887,0.0,0.15448625180897246,0.0,0.7885714285714283
0.8626262626262629,0.7959447799827437,0.791596638655462,0.4799107142857144,0.9595723354493819,0.0794314381270903,0.092,0.1066974595842956,0.5810097965335346,0.18473163105784263,0.49850612488795953,0.7898089171974524,0.5980463096960926,0.21852731591448937,0.6457142857142859
0.13333333333333353,0.06312913431118783,0.1462184873949579,0.375,0.1797527564316739,0.9523411371237458,0.753,0.2235565819861432,0.37678975131876413,0.6507946847316313,0.49268001195100075,0.0,0.4978292329956586,0.0,0.43428571428571416
0.02929292929292937,0.17515099223468505,0.364705882352941,0.4977678571428572,0.01937854994988306,0.07399665551839463,0.934,0.0,0.5064054257724191,0.6194632621156855,0.6619360621452047,0.0,0.37807525325615055,0.0,0.44571428571428573
0.5595959595959596,0.680040264595916,0.2378151260504202,0.8750000000000004,0.46274640828600067,0.5050167224080266,0.35700000000000004,0.5071593533487297,0.7385079125847778,0.2755992704533612,0.8167015237526144,0.34554140127388544,0.5010853835021708,0.0,0.8885714285714288
0.9111111111111112,0.32499280989358653,0.8470588235294116,0.6138392857142865,0.8356164383561645,0.403010033444816,0.466,0.021247113163972264,0.36548605877920126,0.5247524752475248,0.5842545563190918,0.27229299363057324,0.47901591895803186,0.4590261282660333,0.5342857142857138
0.7565656565656564,0.8106125970664364,0.8033613445378152,0.3683035714285716,0.44002672903441364,0.0071070234113711495,0.277,0.08406466512702077,0.5568952524491335,0.33344189682126113,0.8208843740663282,0.2738853503184714,0.2847322720694645,0.0,0.6085714285714285
0.3474747474747477,0.15717572620074777,0.1462184873949579,0.5781250000000004,0.8586702305379218,0.45777591973244147,0.6070000000000001,0.0,0.19366993217784456,0.7187337154768108,0.22930982969823732,0.19904458598726113,0.8180173661360348,0.9043942992874111,0.4657142857142862
0.814141414141414,0.8872591314351452,0.08487394957983185,0.8571428571428577,0.5783494821249582,0.9824414715719063,0.41100000000000003,0.908083140877598,0.7573474001507159,0.1578947368421053,0.8616671646250375,0.35350318471337583,0.7449348769898698,0.0,0.805714285714286
0.3343434343434344,0.5218579234972678,1.0,0.6049107142857144,0.014366855997327097,0.5438963210702341,0.502,0.26143187066974594,0.8786737000753577,0.19313444502344979,0.8241708993128175,0.0,0.08646888567293776,0.0,1.0
0.34949494949494975,0.17313776243888418,0.06386554621848739,0.004464285714285587,0.8780487804878049,0.20986622073578587,0.465,0.009237875288683584,0.20648078372268275,0.6395909327774882,0.11443083358231254,0.4585987261146498,0.8462373371924747,0.8942992874109265,0.5285714285714285
0.25454545454545463,0.11590451538682772,0.7621848739495796,0.9441964285714284,0.4413631807550953,0.7382943143812708,0.761,0.19491916859122405,0.5380557648831954,0.49394215737363223,0.48565879892441,0.0,0.2847322720694645,0.15261282660332548,0.5771428571428574
0.5898989898989899,0.8221167673281564,0.23445378151260488,0.024553571428571175,0.9315068493150684,0.4088628762541806,0.11699999999999999,0.284526558891455,0.3082140165787486,0.3161151641479938,0.44278458320884384,0.8296178343949044,0.7568740955137483,0.4026128266033254,0.6228571428571428
0.5414141414141416,0.1492666091458154,0.06806722689075628,0.9397321428571428,0.20180420982292016,0.2663043478260869,0.438,0.0,0.5704596834966091,0.446000521104742,0.7339408425455632,0.09394904458598727,0.6201157742402315,0.0,0.5285714285714285
0.08787878787878789,0.10023008340523437,0.0008403361344537785,0.910714285714286,0.37988640160374204,0.8833612040133778,0.22,0.25588914549653574,0.5048982667671442,0.2845231891610214,0.5086644756498359,0.40445859872611467,0.7612156295224313,0.1811163895486937,0.5828571428571427
0.3212121212121213,0.5557952257693415,0.5168067226890756,0.4620535714285712,0.9832943534914801,0.6801839464882942,0.5660000000000001,0.3510392609699769,0.3609645817633762,0.5648124022928607,0.3159545861965941,0.2818471337579618,0.5777858176555717,0.5676959619952495,0.5600000000000005
0.9171717171717171,0.17457578372159915,0.6731092436974788,0.5245535714285716,0.7834948212495824,0.5405518394648829,0.47600000000000003,0.13856812933025403,0.35568952524491326,0.46463001563314243,0.33686883776516285,0.2611464968152867,0.6049204052098409,0.486935866983373,0.4200000000000004
0.8181818181818186,0.5826862237561115,0.7747899159663865,0.7299107142857149,0.07183427998663548,0.35618729096989965,0.5770000000000001,0.3187066974595843,0.6352675207234366,0.27677175612298077,1.0,0.0,0.22684515195369026,0.0,0.8457142857142861
0.5525252525252526,0.26589013517400056,0.2823529411764705,0.6361607142857144,0.06582024724356833,0.8035117056856187,0.604,0.23648960739030017,0.4853051996985682,0.4380536737884315,0.792052584403944,0.0,0.3223589001447178,0.0,0.6342857142857143
0.7282828282828284,0.7891860799539832,0.5924369747899159,0.7879464285714288,0.5018376211159372,0.2913879598662207,0.831,0.2572748267898383,0.5945742275810098,0.33311620635747774,0.8670451150283837,0.0,0.18849493487698987,0.0,0.6828571428571433
0.8333333333333337,0.6274086856485475,0.1596638655462186,0.2633928571428572,0.48680253925826933,0.3056020066889632,0.375,0.18752886836027716,0.5772418990203465,0.22101354872329337,0.7061547654616075,0.160828025477707,0.5767004341534008,0.0005938242280285055,0.805714285714286
0.8090909090909089,0.44578659764164513,0.36638655462184877,0.65625,0.3902439024390244,0.27508361204013376,0.48600000000000004,0.1344110854503464,0.4988696307460434,0.39304325169359045,0.7771138332835376,0.0,0.4388567293777136,0.0,0.8428571428571425
0.590909090909091,0.03235547886108714,0.9873949579831929,0.7991071428571432,0.31473438022051453,0.6718227424749164,0.793,0.022170900692840667,0.40467219291635237,0.5338066701406983,0.6502838362712878,0.0,0.2883502170767004,0.0,0.677142857142857
0.6777777777777778,0.10670117917745175,0.9747899159663864,0.02232142857142838,0.4059472101570331,0.6551003344481605,0.547,0.0,0.357950263752826,0.5202579468473163,0.5430236032267705,0.0,0.40810419681620846,0.0,0.6685714285714282
0.49494949494949503,0.747914869140063,0.8705882352941177,0.7857142857142865,0.8479786167724691,0.5844481605351171,0.757,0.5524249422632794,0.5779954785229844,0.36692287649817623,0.521213026590977,0.0,0.3610709117221419,0.07007125890736343,0.8771428571428572
0.2767676767676768,0.9163071613459877,0.30588235294117627,0.1116071428571428,0.9682592716338123,0.2182274247491638,0.9329999999999999,0.1930715935334873,0.27656367746797317,0.6548983845752998,0.3907977293098298,0.0,0.5904486251808974,0.4916864608076009,0.5
0.5818181818181818,0.4158757549611734,0.4957983193277311,0.4441964285714288,0.5830270631473438,0.5990802675585283,0.253,0.18198614318706696,0.6194423511680482,0.2785304846274099,0.5419778906483418,0.36305732484076436,0.5828509406657021,0.13123515439429934,0.7828571428571429
0.5828282828282829,0.21728501581823417,0.021008403361344463,0.21875000000000044,0.540260608085533,0.8637123745819397,0.013999999999999999,0.14272517321016165,0.4009042954031652,0.452579468473163,0.4693755602031672,0.9140127388535032,0.8900144717800289,0.43052256532066513,0.46857142857142886
0.5666666666666667,0.0,0.5067226890756302,0.5602678571428572,0.894086201135984,0.15969899665551834,0.363,0.01062355658198616,0.24340617935192155,0.6702058363731109,0.15909769943232754,0.5493630573248408,0.8115050651230102,0.7393111638954869,0.2371428571428571
0.6171717171717173,0.26416450963474253,0.41428571428571415,0.9441964285714284,0.7607751419979953,0.8653846153846154,0.918,0.28868360277136257,0.2795779954785229,0.7019932256383532,0.5137436510307737,0.0,0.552098408104197,0.37173396674584325,0.5228571428571431
0.4919191919191921,0.6100086281276962,0.19663865546218484,0.7343750000000004,0.49348479786167726,0.6726588628762542,0.03,0.5639722863741339,0.7543330821401657,0.056865554976550214,0.6973409023005678,0.7197452229299364,0.6631693198263386,0.1276722090261283,0.7542857142857144
0.7757575757575761,0.5360943341961462,0.4806722689075631,0.8169642857142865,0.9685933845639826,0.4824414715719063,0.39799999999999996,0.41986143187066977,0.4935945742275809,0.33617769671704023,0.499551837466388,0.5143312101910829,0.7926917510853837,0.5866983372921616,0.402857142857143
0.9424242424242426,0.0086281276962899,0.9731092436974789,0.8526785714285716,0.29869695957233544,0.415133779264214,0.532,0.0,0.5712132629992466,0.426980198019802,0.6822527636689574,0.0,0.3285094066570189,0.0,0.7057142857142855
0.8242424242424244,0.7587000287604255,0.21260504201680663,0.6183035714285721,0.2265285666555296,0.4644648829431438,0.05,0.405080831408776,0.752072343632253,0.04273058884835845,0.9124589184344188,0.5095541401273885,0.5897250361794502,0.0,0.7142857142857144
0.8575757575757577,0.664797238999137,0.6016806722689074,0.171875,0.6755763448045439,0.4243311036789297,0.835,0.18290993071593536,0.36850037678975145,0.4629364252214694,0.6059157454436811,0.0,0.3683068017366137,0.0,0.44571428571428573
0.372727272727273,0.08743169398907108,0.05294117647058805,0.2745535714285716,0.7437353825593052,0.08319397993311028,0.917,0.0,0.035418236623963484,0.8718733715476812,0.17911562593367203,0.0,0.8223589001447178,0.6609263657957245,0.2857142857142856
0.9393939393939397,0.720161058383664,0.357142857142857,0.8750000000000004,0.35850317407283666,0.814799331103679,0.657,0.6715935334872978,0.685757347400151,0.3492704533611255,0.9002091425156858,0.0,0.433068017366136,0.0,0.9485714285714284
0.11212121212121207,0.8748921484037964,0.6008403361344539,0.7745535714285721,0.8686936184430337,0.2742474916387959,0.294,0.24157043879907625,0.6842501883948757,0.08963001563314221,0.4314311323573351,0.5939490445859873,0.5025325615050651,0.22446555819477432,0.7314285714285713
0.4121212121212121,0.08297382801265457,0.5084033613445378,0.8236607142857144,0.8085532910123622,0.9740802675585283,0.68,0.1695150115473441,0.23963828183873392,0.7273970818134445,0.3071407230355544,0.04140127388535031,0.619030390738061,0.6941805225653208,0.44571428571428573
0.4929292929292928,0.31967213114754095,0.7781512605042016,0.4308035714285716,0.5429335115268961,0.9719899665551839,0.908,0.32886836027713623,0.2916352675207232,0.6721599791558104,0.49223184941738884,0.0,0.3538350217076701,0.0,0.54
0.8787878787878787,0.6180615473109001,0.9789915966386553,0.7254464285714293,0.9231540260608085,0.14255852842809358,0.254,0.1533487297921478,0.5267520723436325,0.2880406461698801,0.45279354645951597,0.6703821656050956,0.5253256150506512,0.17102137767220904,0.6142857142857148
0.9727272727272729,0.863244176013805,0.3008403361344538,0.609375,0.8185766789174741,0.2675585284280936,0.698,0.3745958429561201,0.5719668425018836,0.4623501823866596,0.7966835972512697,0.046178343949044576,0.6291606367583213,0.19061757719714972,0.5200000000000005
0.09494949494949512,0.9360080529191832,0.8462184873949579,0.4486607142857144,0.04710992315402606,0.8595317725752507,0.43100000000000005,0.7565819861431871,0.7656367746797286,0.2060317873892652,0.966387809979086,0.0,0.06874095513748191,0.0,0.8142857142857141
0.36868686868686873,0.2693413862525165,0.12436974789915944,0.6718750000000004,0.5709989976612095,0.8887959866220736,0.752,0.2752886836027714,0.3647324792765634,0.5744528400208442,0.4142515685688678,0.04140127388535031,0.6450795947901593,0.39548693586698347,0.5657142857142858
0.372727272727273,0.01524302559677887,0.5436974789915967,0.4642857142857144,0.014700968927497494,0.8557692307692306,0.958,0.030946882217090077,0.4747550866616428,0.6614121938509643,0.6807588885569166,0.0,0.2167149059334298,0.0,0.47999999999999954
0.9424242424242426,0.1627840092033362,0.8420168067226887,0.45089285714285765,0.7093217507517541,0.8223244147157189,0.051,0.11316397228637415,0.33986435568952533,0.3662714955706097,0.429339707200478,0.7452229299363058,0.6342257597684515,0.2927553444180523,0.8028571428571434
0.42626262626262634,0.13316077077940752,0.07478991596638651,0.8660714285714293,0.6237888406281323,0.8457357859531771,0.395,0.135796766743649,0.3707611152976642,0.5854611776967171,0.4521959964146999,0.3232484076433121,0.8921852387843707,0.3978622327790974,0.597142857142857
0.1636363636363638,0.20189818809318377,0.025210084033613356,0.8504464285714288,0.7694620781824257,0.33612040133779264,0.662,0.08729792147806004,0.44310474755086693,0.5887180823345493,0.26277263220794744,0.20859872611464966,0.8646888567293778,0.7446555819477435,0.6742857142857144
0.7464646464646465,0.39703767615760704,0.11848739495798322,0.9017857142857149,0.27096558636819246,0.0,0.8240000000000001,0.11454965357967667,0.5908063300678221,0.45642261594580513,0.8298476247385721,0.0,0.5213458755426919,0.0,0.7400000000000002
0.15050505050505047,0.11676732815645668,0.4873949579831931,0.34821428571428603,0.6785833611760775,0.5714882943143813,0.219,0.1274826789838337,0.4091936699321779,0.46039603960396036,0.14744547355841064,0.589171974522293,0.7301013024602028,0.5130641330166271,0.26571428571428557
0.9383838383838385,0.032211676732815664,0.6899159663865544,0.4620535714285712,0.8242565987303709,0.6923076923076923,0.355,0.040646651270207834,0.18311981914091913,0.6590020844189683,0.26531221989841647,0.5111464968152867,0.6678726483357453,0.45665083135391926,0.491428571428572
0.008080808080808133,0.7438884095484612,0.4873949579831931,0.48660714285714324,0.9809555629802873,0.41806020066889626,0.38,0.3459584295612009,0.49284099472494347,0.3774101094319957,0.33492680011951015,0.552547770700637,0.6204775687409552,0.4667458432304038,0.7257142857142851
0.5535353535353538,0.2169974115616911,0.4243697478991595,0.6875000000000004,0.5456064149682592,0.29849498327759194,0.634,0.03002309468822173,0.4325546345139415,0.5298983845752998,0.577532118314909,0.0,0.5709117221418236,0.11579572446555825,0.5228571428571431
0.13737373737373737,0.032643083117630145,0.7571428571428571,0.7433035714285716,0.48212495823588375,0.580685618729097,0.6709999999999999,0.0,0.3571966842501886,0.7157373632100053,0.35285330146399774,0.0,0.3903762662807526,0.0,0.5999999999999996
0.0242424242424244,0.5314926660914581,0.026890756302521135,0.5535714285714284,0.8296024056130972,0.09071906354515047,0.611,0.042494226327944584,0.3933685003767895,0.4955054715997915,0.31341499850612486,0.13853503184713378,0.8415340086830683,0.5368171021377672,0.7371428571428575
0.9757575757575758,0.34397469082542415,0.0,0.7321428571428572,0.08954226528566656,0.2403846153846153,0.467,0.1085450346420323,0.7076111529766393,0.3279051589369464,0.9181356438601734,0.0,0.5842981186685963,0.0,0.8742857142857146
0.372727272727273,0.8712970951970089,0.7831932773109243,0.6004464285714288,0.5653190778483128,0.5932274247491638,0.851,0.4905311778290992,0.5689525244913338,0.38698540906722245,0.6759784881983867,0.0,0.2912445730824892,0.0,0.6085714285714285
0.6717171717171719,0.658182341098648,0.2571428571428571,0.36160714285714324,0.5101904443701971,0.4841137123745819,0.402,0.26605080831408773,0.6525998492840994,0.30855914538822304,0.6483417986256351,0.304140127388535,0.6537626628075253,0.0,0.7457142857142856
0.7848484848484849,0.983031348863963,0.7865546218487396,0.8482142857142856,0.1633812228533244,0.5376254180602007,0.9870000000000001,0.6411085450346421,0.6631499623210249,0.48208702449192287,1.0,0.0,0.0,0.0,0.7885714285714283
0.21919191919191916,0.9223468507333907,0.05294117647058805,0.13839285714285765,0.7427330437687939,0.6939799331103678,0.614,0.6457274826789838,0.5455915599095706,0.30282699322563844,0.5058261129369587,0.22929936305732487,0.6830680173661361,0.29869358669833734,0.47714285714285687
0.5737373737373737,0.7382801265458727,0.9025210084033612,0.7500000000000004,0.06247911794186436,0.6596989966555185,0.039,0.5741339491916859,0.8394875659382066,0.05067743616466913,1.0,0.30573248407643316,0.19971056439942114,0.0,0.7514285714285718
0.010101010101010166,0.84742594190394,0.17731092436974794,0.8325892857142856,0.9081189442031407,0.25919732441471566,0.902,0.29653579676674363,0.467219291635268,0.5085330901511202,0.440543770540783,0.03184713375796179,0.7825615050651231,0.25593824228028506,0.7285714285714286
0.0181818181818183,0.15084843255680186,0.6369747899159663,0.3549107142857144,0.9829602405613098,0.006270903010033413,0.9329999999999999,0.029099307159353327,0.04069329314242642,0.9999999999999998,0.0,0.0,0.5358176555716354,0.7553444180522565,0.24571428571428555
0.8242424242424244,0.8311763014092608,0.22436974789915953,0.203125,0.010023387905111928,0.3887959866220735,0.677,0.26558891454965355,0.6895252449133382,0.24531005732152167,1.0,0.0,0.2138205499276411,0.0,0.8285714285714283
0.2323232323232325,0.5176876617773944,0.9394957983193275,0.41071428571428603,0.10223855663214167,0.11580267558528423,0.578,0.01062355658198616,0.7083647324792768,0.30237102657634174,0.6997311024798328,0.0,0.1067293777134588,0.0,0.8114285714285714
0.26666666666666683,0.98849582973828,0.799159663865546,0.65625,0.8823922485800201,0.09030100334448155,0.501,0.17136258660508086,0.5877920120572719,0.2473944762897342,0.6163728712279656,0.20541401273885349,0.5148335745296673,0.05581947743467941,0.5342857142857138
0.3858585858585859,0.6922634454989933,0.06302521008403361,0.2790178571428572,0.7591045773471433,0.8586956521739131,0.36100000000000004,0.5750577367205543,0.4536548605877919,0.4382490880667014,0.42470869435315206,0.5414012738853504,0.8082489146164977,0.43052256532066513,0.7199999999999998
0.5181818181818183,0.6790336496980154,0.02773109243697469,0.19642857142857162,0.1951219512195122,0.3457357859531772,0.43,0.12702078521939952,0.7174076865109269,0.3139004689942677,0.7340902300567674,0.1035031847133758,0.5969609261939219,0.0,0.6600000000000001
0.05858585858585874,0.5104975553638194,0.2100840336134453,0.582589285714286,0.9863013698630138,0.7512541806020065,0.45799999999999996,0.3852193995381062,0.4129615674453655,0.43342886920270973,0.1985360023902002,0.5127388535031847,0.7897973950795949,0.5356294536817102,0.5485714285714289
0.32525252525252535,0.5671555939027897,0.6621848739495799,0.28125,0.012028065486134313,0.6542642140468227,0.8959999999999999,0.29099307159353355,0.47776940467219253,0.4015112037519539,0.8241708993128175,0.0,0.05969609261939218,0.0,0.7914285714285709
0.7020202020202022,0.17845844118492954,0.4050420168067226,0.2566964285714288,0.6531907784831273,0.56061872909699,0.6759999999999999,0.16027713625866052,0.22155237377543324,0.7116336633663367,0.3639079772930983,0.0748407643312102,0.6146888567293776,0.2980997624703088,0.5714285714285712
0.6111111111111114,0.5405522001725627,0.3050420168067225,0.16517857142857162,0.22886735716672235,0.5175585284280937,0.66,0.23002309468822174,0.5418236623963826,0.41701406982803557,0.7394681804601136,0.0,0.47793053545586106,0.0,0.6285714285714281
0.6414141414141417,0.7073626689675006,0.16302521008403348,0.2611607142857144,0.6311393250918811,0.5530936454849498,0.29600000000000004,0.3801385681293303,0.6103993971363981,0.24133663366336644,0.580071706005378,0.48885350318471343,0.6743849493487699,0.24406175771971494,0.8314285714285718
0.9454545454545455,0.3566292781133162,0.9781512605042015,0.676339285714286,0.7397260273972603,0.19899665551839463,0.247,0.051270207852193994,0.48304446119065547,0.27638092756644084,0.5832088437406634,0.4299363057324841,0.4026772793053546,0.0,0.48857142857142843
0.5121212121212124,0.7477710670117916,0.27142857142857135,0.9709821428571428,0.9582358837287003,0.6417224080267558,0.871,0.5524249422632794,0.5508666164280336,0.533676393955185,0.5300268897520167,0.0,0.6414616497829233,0.6021377672209027,0.6800000000000006
0.8393939393939396,0.6550186942766754,0.6932773109243695,0.8258928571428577,0.3718676912796526,0.16596989966555176,0.792,0.12979214780600457,0.6036171816126599,0.4805888483585201,0.8821332536599941,0.0,0.23263386396526775,0.0,0.7114285714285717
0.15757575757575748,0.1704055220017256,0.10168067226890742,0.3973214285714288,0.0547945205479452,0.6224916387959867,0.664,0.0484988452655889,0.35870384325546345,0.6173137050547159,0.634149985061249,0.0,0.45296671490593343,0.0,0.6657142857142855
0.795959595959596,0.2214552775381075,0.45378151260504196,0.19642857142857162,0.6341463414634146,0.5188127090301002,0.381,0.16581986143187066,0.23059532780708336,0.6788692027097449,0.42127278159545856,0.35350318471337583,0.6240955137481912,0.28919239904988125,0.47999999999999954
0.891919191919192,0.2286453839516825,0.7663865546218487,0.19419642857142883,0.8376211159371868,0.4226588628762541,0.045,0.07113163972286374,0.35192162773172564,0.3918056279312141,0.38034060352554533,0.9601910828025478,0.7691751085383502,0.36935866983372934,0.5457142857142854
0.6141414141414143,0.7761000862812768,0.3924369747899159,0.060267857142857206,0.4734380220514534,0.20275919732441472,0.8150000000000001,0.09006928406466513,0.40542577241899025,0.379038561750912,0.7152674036450554,0.0,0.388205499276411,0.0,0.6800000000000006
0.8151515151515152,0.495110727638769,0.6075630252100839,0.6941964285714293,0.4467089876378216,0.08653846153846145,0.051,0.13810623556581986,0.59155990957046,0.18460135487232932,0.7388706304152975,0.5700636942675159,0.47575976845151957,0.0,0.5257142857142858
0.2828282828282831,0.09548461317227502,0.38655462184873945,0.8236607142857144,0.494153023722018,0.9025919732441472,0.63,0.3062355658198615,0.3835719668425015,0.5106826472120896,0.4635494472662086,0.0,0.6110709117221418,0.23990498812351546,0.47999999999999954
0.6727272727272731,0.9168823698590738,0.5571428571428572,0.8750000000000004,0.009021049114600737,0.23076923076923073,0.297,0.22725173210161664,1.0,0.08976029181865552,1.0,0.08121019108280256,0.18342981186685958,0.0,0.9657142857142862
0.4101010101010101,0.6947080816796087,0.9949579831932769,0.9084821428571428,0.9832943534914801,0.8988294314381271,0.21100000000000002,0.7039260969976904,0.487565938206481,0.33467952058363726,0.46818046011353454,0.7738853503184715,0.5079594790159189,0.0,0.5657142857142858
0.976767676767677,0.7801265458728788,0.9663865546218484,0.1071428571428572,0.42632809889742734,0.19523411371237454,0.259,0.11593533487297919,0.5079125847776944,0.27286347055758187,0.8780997908574842,0.21974522292993634,0.2518089725036179,0.0,0.6228571428571428
0.3606060606060608,0.4374460742018981,0.06806722689075628,0.4977678571428572,0.7550952221850986,0.5209030100334449,0.7540000000000001,0.22725173210161664,0.37377543330821394,0.5665059927045337,0.3636092022706904,0.08280254777070062,0.6931982633863967,0.5866983372921616,0.5514285714285716
0.8303030303030303,0.6051193557664654,0.30756302521008405,0.17633928571428603,0.6247911794186435,0.5990802675585283,0.05,0.297459584295612,0.5455915599095706,0.15919749869723798,0.5487003286525246,0.7993630573248409,0.6758321273516643,0.15439429928741094,0.36571428571428566
0.9727272727272729,0.230514811619212,0.8806722689075628,0.3839285714285716,0.9485466087537588,0.7796822742474916,0.6759999999999999,0.1695150115473441,0.17784476262245663,0.8057582073996874,0.28891544666865865,0.05414012738853505,0.5647612156295225,0.5083135391923992,0.3314285714285714
0.0,0.19830313488639634,0.6588235294117646,0.6428571428571432,0.009021049114600737,0.9527591973244147,0.163,0.27621247113163977,0.5990957045968353,0.28497915581031785,0.7143710785778309,0.020700636942675155,0.23914616497829233,0.0,0.6657142857142855
0.32525252525252535,0.9335634167385676,0.6378151260504199,0.4308035714285716,0.8189107918476446,0.8607859531772575,0.315,0.7621247113163971,0.626224566691786,0.1344450234497132,0.4967134747535108,0.43152866242038224,0.45188133140376274,0.2595011876484561,0.8314285714285718
0.5929292929292933,0.8899913718723036,0.1386554621848739,0.9084821428571428,0.32609421984630804,0.22784280936454848,0.29300000000000004,0.2771362586605081,0.8153730218538056,0.13431474726420012,0.9369584702718853,0.2834394904458599,0.5267727930535457,0.0,0.8028571428571434
0.2767676767676768,0.09778544722461896,0.006722689075630228,0.9866071428571428,0.6221182759772804,0.6484113712374582,0.551,0.16027713625866052,0.4966088922381311,0.4589630015633144,0.3806393785479535,0.23248407643312105,0.8896526772793054,0.6508313539192401,0.5628571428571432
0.1767676767676769,0.8747483462755248,0.6941176470588235,0.0803571428571428,0.5065152021383228,0.6212374581939799,0.36700000000000005,0.387066974595843,0.47098718914845517,0.30653986451276705,0.6097998207349867,0.21337579617834393,0.433068017366136,0.0,0.44285714285714306
0.6717171717171719,0.6196433707218867,0.9033613445378148,0.6428571428571432,0.5238890745071835,0.9372909698996654,0.185,0.5866050808314087,0.6842501883948757,0.21443460135487213,0.7700926202569466,0.3805732484076433,0.402315484804631,0.0,0.8285714285714283
0.11616161616161613,0.01553062985332182,0.8705882352941177,0.3705357142857144,0.5549615770130304,0.17767558528428085,0.23800000000000002,0.0,0.32856066314996246,0.5160239708181347,0.2094412907080968,0.3678343949044587,0.4204052098408104,0.0,0.5999999999999996
0.2727272727272727,0.6071325855622662,0.3966386554621848,0.2053571428571428,0.7728032074841297,0.8816889632107023,0.479,0.4618937644341801,0.3700075357950263,0.5100964043772798,0.31490887361816544,0.2834394904458599,0.5593342981186687,0.24762470308788598,0.5485714285714289
0.2777777777777779,0.5962036238136323,0.5462184873949578,0.5133928571428572,0.2098229201470097,0.6989966555183946,0.42600000000000005,0.47575057736720555,0.646571213262999,0.2693460135487231,0.8657006274275473,0.0,0.33683068017366136,0.0,0.6342857142857143
0.5535353535353538,0.39890710382513667,0.126890756302521,0.49553571428571486,0.6842632809889743,0.3528428093645485,0.46399999999999997,0.10577367205542726,0.3760361718161267,0.40939291297550806,0.450104571257843,0.17993630573248406,0.6780028943560057,0.3788598574821854,0.42285714285714304
0.3212121212121213,0.5905953408110438,0.03445378151260514,0.34598214285714324,0.36117607751419983,0.16387959866220736,0.359,0.19353348729792147,0.561416729464959,0.2426393955184991,0.6350463101284735,0.21496815286624202,0.6685962373371925,0.0,0.8514285714285714
0.9414141414141415,0.5861374748346273,0.11344537815126055,0.863839285714286,0.5589709321750752,0.26714046822742477,0.828,0.19076212471131643,0.5599095704596837,0.4879494528400208,0.7624738571855395,0.0,0.5781476121562954,0.08551068883610458,0.6514285714285712
0.704040404040404,0.9157319528329018,0.6815126050420168,0.7321428571428572,0.5456064149682592,0.7591973244147157,0.16,0.7445727482678983,0.7776940467219293,0.20466388744137554,0.8500149387511206,0.5636942675159237,0.3892908827785818,0.0,0.7542857142857144
0.5202020202020201,0.2017543859649123,0.6689075630252099,0.7946428571428577,0.520213832275309,0.06479933110367886,0.8240000000000001,0.0,0.348153730218538,0.6233715476810839,0.5760382432028684,0.0,0.4345151953690304,0.12351543942992876,0.32857142857142874
0.38181818181818206,0.7503595053206786,0.6176470588235294,0.484375,0.3695289007684598,0.11371237458193972,0.11599999999999999,0.15150115473441106,0.7633760361718163,0.1090411672746221,0.6924111144308337,0.4474522292993631,0.4254703328509407,0.0,0.7885714285714283
0.6484848484848487,0.9860511935576646,0.515126050420168,0.6026785714285721,0.2829936518543268,0.1546822742474916,0.21,0.29607390300230946,0.8681235870384323,0.0,0.914550343591276,0.25955414012738853,0.3599855282199711,0.0,0.9171428571428573
0.49090909090909096,0.34843255680184065,0.9394957983193275,0.5714285714285716,0.5071834279986636,0.16596989966555176,0.016,0.017090069284064646,0.6021100226073854,0.30035174570088596,0.5050791753809382,0.6480891719745224,0.4359623733719248,0.0,0.7914285714285709
0.16666666666666652,0.9706643658326142,0.06806722689075628,0.02232142857142838,0.31039091212829933,0.5522575250836119,0.28500000000000003,0.45265588914549654,0.706103993971364,0.2670010422094842,0.7072004780400357,0.39968152866242035,0.6009406657018814,0.0,0.5342857142857138
0.2898989898989901,0.947799827437446,0.784033613445378,0.33035714285714324,0.31640494487136656,0.6889632107023411,0.07,0.5196304849884525,0.7287113790504902,0.013157894736842035,0.8997609799820737,0.46019108280254784,0.20369030390738063,0.0,1.0
0.07777777777777772,0.14897900488927235,0.16386554621848726,0.2455357142857144,0.054460407617774806,0.5029264214046822,0.938,0.08036951501154732,0.36021100226073877,0.6776967170401251,0.5742455930684197,0.0,0.361794500723589,0.0,0.6314285714285717
0.6313131313131313,0.3091745757837217,0.20756302521008396,0.40848214285714324,0.7086535248914133,0.02006688963210701,0.735,0.0,0.3089675960813869,0.5762767066180303,0.45279354645951597,0.0,0.7120115774240232,0.5421615201900238,0.43714285714285683
0.9050505050505053,0.5408398044291054,0.3210084033613445,0.109375,0.9101236217841631,0.09322742474916379,0.805,0.030946882217090077,0.2705350414468728,0.6436294945284002,0.34239617567971325,0.0,0.6816208393632417,0.6686460807600951,0.49428571428571466
0.06767676767676778,0.38222605694564277,0.07647058823529407,0.7455357142857149,0.4988306047444036,0.9619565217391304,0.429,0.4674364896073903,0.5870384325546345,0.2389265242313705,0.46071108455333143,0.339171974522293,0.695369030390738,0.2885985748218527,0.8171428571428567
0.24444444444444446,0.9919470808167961,0.8731092436974788,0.2008928571428572,0.1095890410958904,0.43394648829431437,0.885,0.37875288683602765,0.6239638281838737,0.3452318916102137,0.8849716163728715,0.0,0.00434153400868309,0.0,0.7800000000000002
0.8080808080808082,0.8199597354040837,0.7184873949579831,0.6651785714285716,0.9969929836284664,0.6668060200668895,0.871,0.5224018475750576,0.4461190655614171,0.46313183949973946,0.4772930982969824,0.0,0.4185962373371924,0.35688836104513066,0.47999999999999954
0.9535353535353537,0.2758124820247339,0.020168067226890685,0.738839285714286,0.07183427998663548,0.7972408026755853,0.5710000000000001,0.3057736720554272,0.6277317256970609,0.33897863470557565,0.96653719749029,0.0,0.5799565846599133,0.0,0.7914285714285709
0.7555555555555558,0.8730227207362666,0.10588235294117654,0.5334821428571428,0.27464082860006683,0.08026755852842804,0.958,0.10993071593533488,0.6872645064054259,0.39115424700364776,0.9489094711682103,0.0,0.3122286541244573,0.0,0.7085714285714291
0.8646464646464647,0.8179465056082829,0.6184873949579832,0.6897321428571437,0.2763113932509188,0.7370401337792643,0.751,0.7297921478060045,0.5561416729464961,0.3809927045336112,0.9259037944427847,0.0,0.16714905933429813,0.0,0.8542857142857141
0.002020202020202033,0.7366983031348864,0.47394957983193264,0.7611607142857149,0.5121951219512195,0.8386287625418061,0.97,0.5237875288683602,0.48229088168801804,0.5101615424700365,0.6337018225276368,0.0,0.3650506512301014,0.0,0.49714285714285733
0.9686868686868688,0.1032499280989359,0.6521008403361344,0.8125,0.9632475776812562,0.27675585284280935,0.094,0.04434180138568128,0.388093443858327,0.4432647212089631,0.3634598147594862,0.8853503184713376,0.7181620839363243,0.6347980997624704,0.5800000000000001
0.9525252525252526,0.6960023008340523,0.6201680672268908,0.1116071428571428,0.30504510524557304,0.8482441471571907,0.89,0.47759815242494225,0.5207234363225317,0.4555106826472122,0.8247684493576338,0.0,0.1808972503617945,0.0,0.4571428571428573
0.8898989898989897,0.8455565142364108,0.5352941176470587,0.5982142857142865,0.09555629802873371,0.6245819397993311,0.156,0.5709006928406466,0.8718914845516204,0.027748827514330277,1.0,0.2038216560509554,0.24023154848046313,0.0,0.9199999999999999
0.10505050505050506,1.0,0.0831932773109243,0.8816964285714293,0.10190444370197126,0.9427257525083612,0.78,0.9999999999999998,0.8010550113036929,0.21130797290255332,1.0,0.0,0.41751085383502173,0.0,0.8114285714285714
0.9636363636363636,0.7191544434857635,0.6680672268907564,0.6339285714285721,0.5309054460407618,0.3235785953177257,0.306,0.22263279445727485,0.7746797287113791,0.20349140177175618,0.9133552435016433,0.4028662420382165,0.4012301013024603,0.0,0.6514285714285712
0.7131313131313133,0.4236410698878343,0.12857142857142856,0.40178571428571486,0.2038088874039425,0.9586120401337792,0.525,0.2646651270207852,0.5900527505651847,0.35396039603960405,0.8388108754108156,0.0,0.5803183791606368,0.0,0.6285714285714281
0.09191919191919196,0.5757837215990795,0.5243697478991596,0.8593750000000004,0.07584363514868026,0.6542642140468227,0.418,0.39307159353348725,0.7272042200452149,0.24211829077644587,0.806692560501942,0.0,0.2814761215629523,0.0,0.8685714285714283
0.6151515151515154,0.006471095772217439,0.48235294117647065,0.8236607142857144,0.783160708319412,0.7165551839464883,0.017,0.1976905311778291,0.40241145440844006,0.40020844189682125,0.3010158350761877,0.92515923566879,0.8024602026049206,0.7713776722090261,0.5628571428571432
0.9565656565656566,0.663359217716422,0.08991596638655475,0.5625000000000004,0.10557968593384565,0.42809364548494977,0.033,0.3094688221709006,0.8040693293142431,0.08259510161542472,1.0,0.5445859872611466,0.45224312590448623,0.0,0.8257142857142856
0.20707070707070718,0.0776531492666091,0.7966386554621847,0.017857142857142794,0.027731373204143,0.35200668896321063,0.798,0.0,0.367746797287114,0.6861646690984886,0.5690170301762775,0.0,0.23046309696092615,0.0,0.5142857142857142
0.6959595959595963,0.4344262295081966,0.0025210084033613356,0.14955357142857162,0.30036752422318747,0.6617892976588629,0.395,0.21108545034642034,0.48681235870384354,0.3329207920792079,0.6196593964744549,0.16401273885350318,0.6816208393632417,0.0,0.49714285714285733
0.1717171717171717,0.4331320103537532,0.40252100840336147,0.7678571428571432,0.197460741730705,0.5572742474916388,0.45,0.36443418013856815,0.5930670685757344,0.28888744137571654,0.7508216313116226,0.0,0.37698986975397974,0.0,0.5857142857142863
0.9151515151515153,0.406816220880069,0.40252100840336147,0.879464285714286,0.19979953224189778,0.5355351170568561,0.8270000000000001,0.22124711316397222,0.5681989449886964,0.4375325690463783,0.8633104272482822,0.0,0.30897250361794504,0.0,0.6257142857142854
0.31717171717171744,0.7628702904802991,0.7168067226890755,0.1830357142857144,0.2328767123287671,0.9280936454849498,0.596,0.5672055427251732,0.6141672946495853,0.30093798853569553,0.7536599940244998,0.0,0.2460202604920405,0.0,0.7914285714285709
0.898989898989899,0.041415012942191576,0.036974789915966255,0.8928571428571437,0.13197460741730707,0.48913043478260865,0.619,0.07482678983833718,0.6088922381311228,0.39734236581552884,0.7845832088437407,0.0,0.5481186685962374,0.0,0.8514285714285714
0.5828282828282829,0.946361806154731,0.12857142857142856,0.13839285714285765,0.0691613765452723,0.5831939799331103,0.219,0.4175519630484988,0.8274302938960059,0.10142001042209481,1.0,0.19267515923566883,0.38169319826338644,0.0,1.0
0.2353535353535352,0.9388840954846132,0.8974789915966384,0.582589285714286,0.9692616104243235,0.3273411371237458,0.632,0.39815242494226327,0.4099472494348153,0.417795726941115,0.46728413504631006,0.13375796178343952,0.37879884225759763,0.13242280285035635,0.597142857142857
0.6848484848484853,0.9968363531780269,0.43781512605042017,0.9330357142857149,0.5238890745071835,0.8984113712374582,0.29600000000000004,0.9168591224018476,0.8003014318010551,0.09386399166232406,0.93860173289513,0.33757961783439494,0.4341534008683068,0.0,1.0
0.3666666666666667,0.9627552487776818,0.4428571428571426,0.11383928571428559,0.6455061810892082,0.6964882943143813,0.408,0.5561200923787528,0.4943481537302188,0.3579989577905158,0.568120705109053,0.33757961783439494,0.5350940665701881,0.0,0.8828571428571426
0.13030303030303036,0.3327581248202474,0.09411764705882342,0.2946428571428572,0.3364517206815904,0.05518394648829428,0.549,0.0323325635103926,0.418236623963828,0.49609171443460154,0.5159844636988348,0.05254777070063696,0.6335021707670045,0.0,0.5828571428571427
0.23737373737373768,0.948950244463618,0.4529411764705882,0.7299107142857149,0.7156698964249917,0.7897157190635451,0.981,0.7630484988452655,0.5855312735493592,0.43818394997394483,0.6528234239617569,0.0,0.3277858176555717,0.0,0.822857142857143
0.9959595959595962,0.4259419039401782,0.3025210084033614,0.6004464285714288,0.47744737721349817,0.8035117056856187,0.5750000000000001,0.4438799076212471,0.5403165033911081,0.5348488796248048,0.8090827606812071,0.07961783439490447,0.5701881331403764,0.09501187648456061,0.7371428571428575
0.6121212121212121,0.8166522864538395,0.14789915966386546,0.5066964285714293,0.23087203474774476,0.33444816053511706,0.564,0.2789838337182448,0.6337603617181613,0.4015112037519539,1.0,0.0,0.4634587554269175,0.0,0.382857142857143
0.03838383838383841,0.6455277538107564,0.0596638655462185,0.84375,0.49014366855997327,0.0735785953177257,0.615,0.20508083140877598,0.6473247927656365,0.3639265242313705,0.5905288317896625,0.07802547770700638,0.6816208393632417,0.2102137767220903,0.6714285714285717
0.5262626262626264,0.989646246764452,0.791596638655462,0.9531250000000004,0.7821583695289008,0.8390468227424748,0.6829999999999999,0.8993071593533486,0.6586284853051998,0.28309015112037517,0.7703913952793545,0.0,0.3187409551374819,0.0,0.7971428571428572
0.704040404040404,0.8267184354328443,0.4529411764705882,0.008928571428571619,0.195790177079853,0.3056020066889632,0.514,0.18752886836027716,0.631499623210249,0.2785956227201667,0.8471765760382434,0.0,0.20115774240231543,0.0,0.5028571428571427
0.8525252525252529,0.20664365832614323,0.8714285714285712,0.16517857142857162,0.37053123955897094,0.6057692307692306,0.613,0.11824480369515011,0.327807083647325,0.5344580510682648,0.6656707499253064,0.0,0.4232995658465991,0.0,0.8314285714285718
0.13333333333333353,0.20606844981305722,0.1470588235294117,0.12053571428571441,0.023387905111927832,0.4322742474916388,0.22100000000000003,0.0,0.5629238884702334,0.2995049504950493,0.6251867343890051,0.15286624203821655,0.5184515195369032,0.0,0.5571428571428569
0.9656565656565659,0.4075352315214265,0.013445378151260456,0.895089285714286,0.37253591713999334,0.006270903010033413,0.978,0.05958429561200923,0.5486058779201208,0.5684601354872327,0.8383627128772034,0.0,0.6613603473227208,0.018408551068883616,0.6600000000000001
0.11313131313131342,0.6271210813920045,0.44621848739495795,0.43526785714285765,0.17574340126962912,0.6488294314381271,0.9920000000000001,0.3528868360277136,0.5388093443858328,0.3877670661803023,0.7328951299671348,0.0,0.15810419681620835,0.0,0.6200000000000001
0.36464646464646466,0.1481161921196434,0.9151260504201679,0.11607142857142838,0.7965252255262278,0.44314381270903,0.12,0.0,0.2547098718914844,0.5570609692548201,0.1574544368090829,0.7786624203821657,0.5289435600578871,0.3669833729216152,0.31714285714285717
0.7989898989898994,0.716134598792062,0.8092436974789916,0.23660714285714324,0.36852656197794853,0.8440635451505016,0.168,0.5778290993071595,0.6503391107761871,0.16225898905680025,0.7842844338213325,0.3773885350318471,0.3223589001447178,0.0,0.734285714285714
0.898989898989899,0.5855622663215414,0.06890756302521006,0.15848214285714324,0.805880387570999,0.9147157190635451,0.067,0.37551963048498843,0.4536548605877919,0.2780093798853569,0.5492978786973411,0.9283439490445861,0.8556439942112881,0.4519002375296912,0.5028571428571427
0.8040404040404041,0.49410411274086846,0.13277310924369745,0.9397321428571428,0.24256598730370865,0.8800167224080266,0.93,0.507621247113164,0.5689525244913338,0.5164799374674311,0.9929787869734091,0.0,0.3910998552821997,0.0,0.6428571428571432
0.5717171717171718,0.03508771929824567,0.3218487394957983,0.964285714285714,0.16304710992315402,0.3595317725752508,0.193,0.06697459584295612,0.7272042200452149,0.27905158936946317,0.7230355542276669,0.35031847133757965,0.5170043415340086,0.0,0.7914285714285709
0.6191919191919191,0.6494104112740866,0.5016806722689076,0.2790178571428572,0.6952890076845973,0.6066053511705685,0.341,0.3866050808314087,0.5184626978146198,0.24745961438249098,0.5524350164326263,0.5079617834394905,0.5445007235890015,0.25712589073634207,0.6828571428571433
0.4313131313131313,0.8306010928961747,0.253781512605042,0.31250000000000044,0.1409956565319078,0.15510033444816052,0.39299999999999996,0.06512702078521937,0.7950263752825921,0.1963913496612819,0.9078279055870929,0.06847133757961782,0.4374095513748192,0.0,0.7457142857142856
0.795959595959596,0.25654299683635323,0.6075630252100839,0.2767857142857144,0.017707985299031073,0.3687290969899665,0.573,0.0,0.5192162773172573,0.4083507034914018,0.8913952793546459,0.0,0.26664254703328505,0.0,0.6085714285714285
0.41414141414141437,0.1607707794075352,0.5546218487394958,0.5803571428571432,0.6782492482459072,0.8056020066889631,0.15,0.22309468822170903,0.5003767897513187,0.39069828035435106,0.3894532417089932,0.6735668789808917,0.7018813314037626,0.37470308788598583,0.7000000000000002
0.1020202020202019,0.4797238999137186,0.707563025210084,0.7857142857142865,0.4086201135983963,0.4331103678929765,0.265,0.20415704387990763,0.6767143933685,0.2067483064095883,0.6162234837167612,0.20859872611464966,0.4254703328509407,0.0,0.7085714285714291
0.08787878787878789,0.7328156456715558,0.73781512605042,0.1741071428571428,0.8088874039425327,0.2633779264214047,0.275,0.3311778290993071,0.4137151469480034,0.3039994788952578,0.3530026889752017,0.5127388535031847,0.5010853835021708,0.2060570071258908,0.6800000000000006
0.6373737373737376,0.277250503307449,0.3487394957983194,0.2455357142857144,0.8656866020715002,0.013377926421404673,0.387,0.0,0.27128862094951023,0.6059145388223033,0.25739468180460123,0.48885350318471343,0.7091172214182344,0.4323040380047506,0.3942857142857146
0.04949494949494948,0.4784296807592752,0.39495798319327746,0.31696428571428603,0.036084196458402946,0.6973244147157189,0.89,0.26836027713625865,0.45666917859834255,0.49075039082855665,0.7231849417388708,0.0,0.1052821997105644,0.0,0.5457142857142854
0.35252525252525246,0.13560540696002304,0.3092436974789916,0.16071428571428603,0.7490811894420315,0.6204013377926421,0.9390000000000001,0.027251732101616633,0.12207987942727971,0.9202709744658677,0.238273080370481,0.0,0.5933429811866859,0.586104513064133,0.5742857142857138
0.7121212121212122,0.8710094909404658,0.530252100840336,0.5334821428571428,0.3170731707317073,0.2282608695652174,0.253,0.1695150115473441,0.7091183119819138,0.2248566961959355,0.959814759486107,0.3184713375796179,0.34225759768451525,0.0,0.8085714285714287
0.28181818181818175,0.23569168823698589,0.20504201680672263,0.5915178571428577,0.5178750417641163,0.4544314381270903,0.126,0.10392609699769051,0.5403165033911081,0.2505862428348098,0.5291305646847925,0.6878980891719746,0.7832850940665703,0.2963182897862233,0.5114285714285716
0.8979797979797983,0.17788323267184353,0.15546218487394947,0.0,0.13464751085867024,0.2462374581939799,0.835,0.02494226327944571,0.3798040693293143,0.47922094841063045,0.8177472363310426,0.0,0.4363241678726484,0.0,0.5228571428571431
0.6111111111111114,0.181190681622088,0.953781512605042,0.2053571428571428,0.16037420648179085,0.28469899665551834,0.6729999999999999,0.0789838337182448,0.4099472494348153,0.6022016675351745,0.5971018822826414,0.0,0.2181620839363242,0.0,0.5285714285714285
0.19393939393939386,0.8980442910555075,0.8621848739495797,0.21205357142857162,0.9662545940527899,0.6099498327759196,0.05,0.4494226327944573,0.3760361718161267,0.33500521104742065,0.2639677322975801,0.9522292993630573,0.6476121562952244,0.13182897862232779,0.38857142857142835
0.40707070707070736,0.31981593327581254,0.715126050420168,0.9598214285714284,0.8559973270965587,0.7236622073578596,0.7390000000000001,0.279445727482679,0.5342878673700073,0.4572694111516413,0.4424858081864357,0.0,0.493849493487699,0.570665083135392,0.5828571428571427
0.8101010101010104,0.3711532930687373,0.5663865546218487,0.7589285714285716,0.646174406949549,0.2520903010033444,0.395,0.11270207852193997,0.4845516201959308,0.5440984887962479,0.6262324469674335,0.39171974522292996,0.6407380607814763,0.1549881235154395,0.6285714285714281
0.7010101010101011,0.6962899050905953,0.23193277310924376,0.5937500000000009,0.921817574340127,0.3883779264214047,0.988,0.2263279445727483,0.31047475508666134,0.6522277227722773,0.554078279055871,0.0,0.6295224312590448,0.637767220902613,0.5228571428571431
0.3101010101010102,0.3341961461029624,0.0470588235294116,0.7611607142857149,0.5750083528232544,0.9155518394648829,0.318,0.42540415704387996,0.5162019593067071,0.42535174570088596,0.49850612488795953,0.4267515923566879,0.714905933429812,0.3099762470308789,0.6428571428571432
